ticker,date,MOM,signal,LS_Return,SS_Return,adjStrikePrice,callPrice,putPrice,weightCall,weightPut,entry,expirationDate
AAPL,2019-01-18,0.010781645,,0.044770879,-0.044770879,41.25,0.4775,2.68125,0.73537993,0.26462007,1.060656478,2019-02-15
AAPL,2019-02-15,0.001139442,,0.09702437,-0.09702437,43.75,0.5,1.6125,0.67064995,0.32935005,0.86640193,2019-03-15
AAPL,2019-03-15,-4.02966E-05,,,,47.5,0.7325,1.55625,0.615065626,0.384934374,1.04958969,2019-04-18
AAPL,2019-04-19,0.009306999,,-0.124167367,0.124167367,,,,,,,
AAPL,2019-05-17,0.01949294,,0.130520561,-0.130520561,50,0.57875,3.18125,0.742121059,0.257878941,1.249879944,2019-06-21
AAPL,2019-06-21,0.012338,,0.076396605,-0.076396605,51.25,0.67375,2.125,0.667849264,0.332150736,1.155783755,2019-07-19
AAPL,2019-07-19,0.001906418,,-0.016429694,0.016429694,52.5,0.6525,2.61875,0.69331348,0.30668652,1.255522371,2019-08-16
AAPL,2019-08-16,0.01122796,,0.072960661,-0.072960661,52.5,1.34375,2.06875,0.557798978,0.442201022,1.664345741,2019-09-20
AAPL,2019-09-20,-4.83701E-05,,0.110684778,-0.110684778,55,1.20625,1.61875,0.54326924,0.45673076,1.394651438,2019-10-18
AAPL,2019-10-18,-0.000787285,,0.077517662,-0.077517662,61.25,0.80625,2.94375,0.691338295,0.308661705,1.466014395,2019-11-15
AAPL,2019-11-15,0.008616165,,0.098783329,-0.098783329,68.75,0.6475,2.91875,0.714448778,0.285551222,1.296058213,2019-12-20
AAPL,2019-12-20,0.03514993,LS,0.054009504,-0.054009504,71.25,0.84375,2.03125,0.641925208,0.358074792,1.268963816,2020-01-17
AAPL,2020-01-17,0.052806108,LS,-0.11467041,0.11467041,78.75,3.1625,2.3,0.431465622,0.568534378,2.672139099,2020-02-21
AAPL,2020-02-21,0.056772418,LS,-0.069761951,0.069761951,81.25,1.08125,3.95,0.68629647,0.31370353,1.981187001,2020-03-20
AAPL,2020-03-20,0.057612293,LS,0.155378332,-0.155378332,65,1.66875,9.23125,0.722784485,0.277215515,3.765192335,2020-04-17
AAPL,2020-04-17,0.038367313,,0.085026539,-0.085026539,70,3.575,3.0875,0.451966172,0.548033828,3.307833509,2020-05-15
AAPL,2020-05-15,0.02689488,,0.147387181,-0.147387181,75,4.2125,2.28125,0.383832766,0.616167234,3.022527029,2020-06-19
AAPL,2020-06-19,0.052308125,,0.165130084,-0.165130084,86.25,3.725,2.45625,0.420812962,0.579187038,2.990156446,2020-07-17
AAPL,2020-07-17,0.048172305,,0.216621831,-0.216621831,100,2.75,6.56875,0.614694581,0.385305419,4.221385067,2020-08-21
AAPL,2020-08-21,0.054625994,LS,-0.102525564,0.102525564,131.25,3.50625,10.1125,0.646571279,0.353428721,5.841088488,2020-09-18
AAPL,2020-09-18,0.071131428,,-0.060012743,0.060012743,117.5,1.995,12.55,0.747208572,0.252791428,4.663213521,2020-10-16
AAPL,2020-10-16,0.084191534,,0.095495309,-0.095495309,130,2.515,13.675,0.725893843,0.274106157,5.574024713,2020-11-20
AAPL,2020-11-20,0.064808776,,0.114571707,-0.114571707,122.5,1.805,6.825,0.69180803,0.30819197,3.35212369,2020-12-18
AAPL,2020-12-18,0.052306012,,-0.005503405,0.005503405,135,2,10.075,0.729585737,0.270414263,4.183595173,2021-01-15
AAPL,2021-01-15,0.052007101,,-0.079705908,0.079705908,125,7.475,5.375,0.425392985,0.574607015,6.26832527,2021-02-19
AAPL,2021-02-19,0.057512756,,0.007337881,-0.007337881,135,2.19,7.2,0.670960101,0.329039899,3.838489893,2021-03-19
AAPL,2021-03-19,0.067437029,,0.076219009,-0.076219009,127.5,1.685,9.1,0.735132771,0.264867229,3.648990506,2021-04-16
AAPL,2021-04-16,0.066533033,,-0.050508757,0.050508757,140,2.645,8.65,0.664339706,0.335660294,4.660640068,2021-05-21
AAPL,2021-05-21,0.05307481,,0.099107954,-0.099107954,130,1.495,6.15,0.70077876,0.29922124,2.887874873,2021-06-18
AAPL,2021-06-18,0.052274126,,0.064982922,-0.064982922,135,1.345,5.6,0.717228762,0.282771238,2.548191617,2021-07-16
AAPL,2021-07-16,0.034283586,,0.04249772,-0.04249772,155,1.825,10.6,0.743446884,0.256553116,4.076253595,2021-08-20
AAPL,2021-08-20,0.028281574,,-0.068037501,0.068037501,150,2.895,4.675,0.564304782,0.435695218,3.670537488,2021-09-17
AAPL,2021-09-17,0.014496219,,0.058655593,-0.058655593,150,2.075,5.875,0.654262853,0.345737147,3.388801159,2021-10-15
AAPL,2021-10-15,0.027680154,,0.105077511,-0.105077511,150,1.81,7.1,0.696452748,0.303547252,3.415764961,2021-11-19
AAPL,2021-11-19,0.02695063,,0.07422929,-0.07422929,165,2.37,6.725,0.65172869,0.34827131,3.886721557,2021-12-17
AAPL,2021-12-17,0.023601565,,-0.015711522,0.015711522,175,5.225,8.6,0.568905783,0.431094217,6.679942982,2022-01-21
AAPL,2022-01-21,0.022738456,,-0.054062955,0.054062955,155,11.65,3.625,0.316897479,0.683102521,6.168102268,2022-02-18
AAPL,2022-02-18,0.029986883,,0.057472776,-0.057472776,175,1.955,9.675,0.724300505,0.275699495,4.083400098,2022-03-18
AAPL,2022-03-18,0.035804554,,,,170,1.775,7.975,0.712836796,0.287163204,3.555411863,2022-04-14
AAPL,2022-04-15,0.03022266,,-0.054501145,0.054501145,,,,,,,
AAPL,2022-05-20,0.028518457,,-0.081428846,0.081428846,145,2.72,9.85,0.682637116,0.317362884,4.982797365,2022-06-17
AAPL,2022-06-17,0.024279976,LS,0.188634962,-0.188634962,140,1.92,10.2,0.731750808,0.268249192,4.14110331,2022-07-15
AAPL,2022-07-15,0.010315513,,-0.031203665,0.031203665,160,2.05,12.025,0.742036146,0.257963854,4.623189444,2022-08-19
AAPL,2022-08-19,-0.002994648,LS,-0.120978331,0.120978331,170,5.925,3.925,0.427070789,0.572929211,4.779141578,2022-09-16
AAPL,2022-09-16,0.010290556,,0.109553003,-0.109553003,160,2.745,11.425,0.70384824,0.29615176,5.315597274,2022-10-21
AAPL,2022-10-21,0.013639087,,-0.033025071,0.033025071,155,3.075,10.6,0.673096394,0.326903606,5.534949633,2022-11-18
AAPL,2022-11-18,-0.00269127,LS,,,160,1.775,10.225,0.743151268,0.256848732,3.945371789,2022-12-16
AMD,2019-01-18,0.096961513,LS,-0.036050653,0.036050653,21,1.59,1.83,0.480817402,0.519182598,1.714603823,2019-02-15
AMD,2019-02-15,0.054242519,LS,0.084572584,-0.084572584,24,1.175,1.45,0.506595363,0.493404637,1.310686275,2019-03-15
AMD,2019-03-15,0.094329231,LS,,,24,0.935,1.595,0.558957826,0.441042174,1.226087835,2019-04-18
AMD,2019-04-19,0.106516301,LS,-0.007960897,0.007960897,,,,,,,
AMD,2019-05-17,0.106696478,LS,0.107988843,-0.107988843,29,1.035,2.495,0.608355663,0.391644337,1.606800732,2019-06-21
AMD,2019-06-21,0.090399148,LS,0.002634671,-0.002634671,30,1.255,2.115,0.555016896,0.444983104,1.63768547,2019-07-19
AMD,2019-07-19,0.081332844,LS,0.032842536,-0.032842536,34,1.515,2.94,0.573446595,0.426553405,2.122838601,2019-08-16
AMD,2019-08-16,0.070894102,LS,-0.07821679,0.07821679,33,1.255,2.975,0.607824862,0.392175138,1.929541237,2019-09-20
AMD,2019-09-20,0.037209997,LS,0.170406174,-0.170406174,31,1.045,1.945,0.575387056,0.424612944,1.427151649,2019-10-18
AMD,2019-10-18,0.019536081,LS,0.153846051,-0.153846051,32,1.53,2.495,0.548233226,0.451766774,1.965954937,2019-11-15
AMD,2019-11-15,0.049742576,LS,0.171391631,-0.171391631,39,1.625,2.01,0.510755695,0.489244305,1.813359057,2019-12-20
AMD,2019-12-20,0.049807738,LS,0.024855818,-0.024855818,44,1.895,1.595,0.461776865,0.538223135,1.733533059,2020-01-17
AMD,2020-01-17,0.075914955,LS,-0.032340304,0.032340304,55,1.665,5.675,0.658454968,0.341545032,3.034595577,2020-02-21
AMD,2020-02-21,0.062193971,LS,2.10159E-06,-2.10159E-06,57.5,1.7,5.9,0.660832333,0.339167667,3.1245042,2020-03-20
AMD,2020-03-20,0.067730923,LS,0.151934979,-0.151934979,48,1.275,9.675,0.74848121,0.25151879,3.387757833,2020-04-17
AMD,2020-04-17,0.057102478,LS,0.026912293,-0.026912293,60,2.785,6.275,0.591120078,0.408879922,4.211990929,2020-05-15
AMD,2020-05-15,0.049586349,LS,-0.022117369,0.022117369,60,1.445,7.2,0.711722678,0.288277322,3.10403599,2020-06-19
AMD,2020-06-19,0.064122337,LS,0.47176901,-0.47176901,60,1.105,6.775,0.74440546,0.25559454,2.554221041,2020-07-17
AMD,2020-07-17,0.056751742,LS,0.172932296,-0.172932296,62.5,1.475,8.875,0.733161264,0.266838736,3.449606646,2020-08-21
AMD,2020-08-21,0.054501556,,-0.097225851,0.097225851,92.5,1.69,10.275,0.742363167,0.257636833,3.901812213,2020-09-18
AMD,2020-09-18,0.094403963,LS,-0.081717896,0.081717896,80,2.57,7.55,0.640438424,0.359561576,4.36061665,2020-10-16
AMD,2020-10-16,0.117235698,LS,0.230709927,-0.230709927,95,2.35,14.1,0.731056583,0.268943417,5.510085154,2020-11-20
AMD,2020-11-20,0.092905514,,-0.010251345,0.010251345,87.5,2.91,5.65,0.584991811,0.415008189,4.047122439,2020-12-18
AMD,2020-12-18,0.07149061,,-0.066189007,0.066189007,105,2.065,11.425,0.727109332,0.272890668,4.619256655,2021-01-15
AMD,2021-01-15,0.076883182,,-0.01319492,0.01319492,100,2.29,14.05,0.735765576,0.264234424,5.397396825,2021-02-19
AMD,2021-02-19,0.073691622,,-0.071116146,0.071116146,95,2.225,7.725,0.665671109,0.334328891,4.063808901,2021-03-19
AMD,2021-03-19,0.070614467,,0.039744619,-0.039744619,82.5,2.11,5.575,0.629535619,0.370464381,3.393659079,2021-04-16
AMD,2021-04-16,0.069414738,,-0.018866903,0.018866903,90,1.72,9.5,0.730072036,0.269927964,3.820039557,2021-05-21
AMD,2021-05-21,0.049137363,,0.172951973,-0.172951973,77.5,2.76,3.075,0.498903685,0.501096315,2.917845339,2021-06-18
AMD,2021-06-18,0.050303938,,0.130519978,-0.130519978,90,1.445,6.65,0.71595867,0.28404133,2.923435123,2021-07-16
AMD,2021-07-16,0.050599435,,0.042659213,-0.042659213,90,2.425,6.55,0.631178802,0.368821198,3.94638744,2021-08-20
AMD,2021-08-20,0.02343425,,-0.070630519,0.070630519,110,2.735,8.075,0.64505547,0.35494453,4.630403789,2021-09-17
AMD,2021-09-17,0.019578584,,0.168415889,-0.168415889,110,1.915,8,0.698159632,0.301840368,3.751698642,2021-10-15
AMD,2021-10-15,0.032295408,,0.317226678,-0.317226678,120,2.595,10.45,0.688293067,0.311706933,5.043457962,2021-11-19
AMD,2021-11-19,0.033303352,,-0.091371883,0.091371883,170,3.375,18.05,0.722801464,0.277198536,7.442888509,2021-12-17
AMD,2021-12-17,0.027640257,,-0.206045907,0.206045907,145,6.75,13.725,0.580598166,0.419401834,9.675327792,2022-01-21
AMD,2022-01-21,0.057410987,,0.079561828,-0.079561828,110,14.6,4.85,0.309989524,0.690010476,7.872397862,2022-02-18
AMD,2022-02-18,0.055121634,,-0.113507259,0.113507259,125,3.175,14.15,0.699041543,0.300958457,6.478019065,2022-03-18
AMD,2022-03-18,0.037589726,,,,115,5.225,6.825,0.515720489,0.484279511,5.999847218,2022-04-14
AMD,2022-04-15,0.051287724,LS,0.191063911,-0.191063911,,,,,,,
AMD,2022-05-20,0.037355735,,-0.249262244,0.249262244,105,2.4,13.825,0.728183992,0.271816008,5.505497895,2022-06-17
AMD,2022-06-17,0.019265877,,0.235384578,-0.235384578,90,2.13,10.45,0.710315827,0.289684173,4.540172321,2022-07-15
AMD,2022-07-15,0.020912417,LS,-0.101619979,0.101619979,90,2.385,11.075,0.701546356,0.298453644,4.978562167,2022-08-19
AMD,2022-08-19,-0.013613239,,-0.253447335,0.253447335,100,3.075,6.9,0.605073821,0.394926179,4.585592636,2022-09-16
AMD,2022-09-16,0.003907248,,-0.052084133,0.052084133,85,1.88,10.1,0.724053463,0.275946537,4.148280537,2022-10-21
AMD,2022-10-21,0.001090025,,0.292537798,-0.292537798,65,1.78,7.825,0.692602763,0.307397237,3.638216296,2022-11-18
AMD,2022-11-18,-0.037261178,,,,80,1.91,8.15,0.693324756,0.306675244,3.82365352,2022-12-16
AMZN,2019-01-18,0.039491061,LS,-0.045904764,0.045904764,87.5,2.28625,4.98625,0.60028017,0.39971983,3.36549354,2019-02-15
AMZN,2019-02-15,0.00749223,,0.085932383,-0.085932383,84,0.90625,4.4025,0.722703116,0.277296884,1.87574923,2019-03-15
AMZN,2019-03-15,0.016754613,LS,,,89.5,0.84125,4.7275,0.739263184,0.260736816,1.854538453,2019-04-18
AMZN,2019-04-19,0.016495046,,-0.078616473,0.078616473,,,,,,,
AMZN,2019-05-17,0.016845475,,0.066791779,-0.066791779,97.5,1.16125,4.97875,0.709235679,0.290764321,2.271242795,2019-06-21
AMZN,2019-06-21,0.020601881,,-0.014180381,0.014180381,98.5,1.19125,3.99125,0.674169976,0.325830024,2.103574068,2019-07-19
AMZN,2019-07-19,0.009539919,,-0.048472329,0.048472329,100.5,1.99125,4.12,0.599564628,0.400435372,2.843676798,2019-08-16
AMZN,2019-08-16,0.011459523,,-0.022733913,0.022733913,93.5,1.24125,4.88625,0.697827404,0.302172596,2.342669112,2019-09-20
AMZN,2019-09-20,-0.001862767,,0.02347436,-0.02347436,92.5,0.975,3.6375,0.690653445,0.309346555,1.798635203,2019-10-18
AMZN,2019-10-18,-0.005830813,SS,0.013585964,-0.013585964,92,1.09625,5.03125,0.719156402,0.280843598,2.201369557,2019-11-15
AMZN,2019-11-15,0.010483609,,0.026121444,-0.026121444,88.75,1.135,2.91375,0.634383193,0.365616807,1.785340896,2019-12-20
AMZN,2019-12-20,0.007374461,,0.087064138,-0.087064138,90,1.355,1.91875,0.547219419,0.452780581,1.610255053,2020-01-17
AMZN,2020-01-17,0.018732076,SS,-0.062214907,0.062214907,96,1.8325,4.52375,0.62485381,0.37514619,2.842112184,2020-02-21
AMZN,2020-02-21,0.007987104,SS,0.035018714,-0.035018714,108,1.56625,4.7375,0.656958366,0.343041634,2.654120782,2020-03-20
AMZN,2020-03-20,0.020075186,,0.268902166,-0.268902166,97.25,3.11625,8,0.620275908,0.379724092,4.970727533,2020-04-17
AMZN,2020-04-17,0.006607251,,-0.012785874,0.012785874,127,3.90625,12.39375,0.648913244,0.351086756,6.886098844,2020-05-15
AMZN,2020-05-15,0.002348945,,0.129566803,-0.129566803,126.5,1.76375,7.74625,0.707047846,0.292952154,3.51633626,2020-06-19
AMZN,2020-06-19,0.033941549,,0.14711458,-0.14711458,141,1.78875,8.9175,0.726806428,0.273193572,3.736278678,2020-07-17
AMZN,2020-07-17,0.026707216,,0.090461505,-0.090461505,165,3.7975,20.6975,0.722917939,0.277082061,8.480186836,2020-08-21
AMZN,2020-08-21,0.039775142,,-0.087576468,0.087576468,174,2.9825,12.745,0.699682566,0.300317434,5.914348946,2020-09-18
AMZN,2020-09-18,0.05755577,,-0.03575295,0.03575295,160,2.62,14.88875,0.734434761,0.265565239,5.878153523,2020-10-16
AMZN,2020-10-16,0.067846263,,0.043440028,-0.043440028,165,10.0425,11.0875,0.488105223,0.511894777,10.57743004,2020-11-20
AMZN,2020-11-20,0.057750733,,0.02805981,-0.02805981,165,1.99625,11.9025,0.747808319,0.252191681,4.494523843,2020-12-18
AMZN,2020-12-18,0.053265377,,-0.015577787,0.015577787,170.25,2.31625,12.40625,0.732464767,0.267535233,5.015680501,2021-01-15
AMZN,2021-01-15,0.054839794,,-0.035329073,0.035329073,160.5,4.9475,10.08125,0.592254921,0.407745079,7.0407613,2021-02-19
AMZN,2021-02-19,0.049475764,,0.000369738,-0.000369738,171.25,1.88125,10.6475,0.740206941,0.259793059,4.158660905,2021-03-19
AMZN,2021-03-19,0.053715502,,,,161.5,1.58875,9.43375,0.747253814,0.252746186,3.571543829,2021-04-16
AMZN,2021-04-16,0.047320249,,-0.070470615,0.070470615,,,,,,,
AMZN,2021-05-21,0.02290821,,0.067354253,-0.067354253,165,2.15875,7.11125,0.669492917,0.330507083,3.795586329,2021-06-18
AMZN,2021-06-18,0.035039782,,-0.032720761,0.032720761,180,2.20375,7.42,0.688662401,0.311337599,3.82776475,2021-07-16
AMZN,2021-07-16,0.016854562,,0.04303156,-0.04303156,190,2.49875,13.7475,0.735875084,0.264124916,5.469825154,2021-08-20
AMZN,2021-08-20,0.009603623,SS,-0.053519875,0.053519875,165.75,1.49875,7.23,0.72400223,0.27599777,3.08056222,2021-09-17
AMZN,2021-09-17,-0.001594765,SS,0.026602915,-0.026602915,175,2.955,4.775,0.566894747,0.433105253,3.743251561,2021-10-15
AMZN,2021-10-15,0.010278693,SS,0.039923145,-0.039923145,175,3.34375,7.92,0.619085448,0.380914552,5.086910218,2021-11-19
AMZN,2021-11-19,0.008663518,SS,-0.049252261,0.049252261,192.5,2.39875,10.915,0.71621172,0.28378828,4.815561941,2021-12-17
AMZN,2021-12-17,0.007132871,SS,-0.102829576,0.102829576,180,2.32625,11.93625,0.73370882,0.26629118,4.885308242,2022-01-21
AMZN,2022-01-21,0.008211356,SS,0.026671852,-0.026671852,155,2.36875,14.225,0.751399521,0.248600479,5.316219427,2022-02-18
AMZN,2022-02-18,0.00515004,,0.061437245,-0.061437245,162.5,1.95375,11.8675,0.74687089,0.25312911,4.463208709,2022-03-18
AMZN,2022-03-18,-0.000986369,,,,166.75,2.6975,7.9225,0.658887941,0.341112059,4.479810506,2022-04-14
AMZN,2022-04-15,0.001404732,,-0.032763034,0.032763034,,,,,,,
AMZN,2022-05-20,-0.003979283,,-0.116459826,0.116459826,118,2.02125,12.35625,0.742153745,0.257846255,4.686091048,2022-06-17
AMZN,2022-06-17,-0.019166075,,0.270591137,-0.270591137,110,3.775,7.275,0.584794659,0.415205341,5.228218694,2022-07-15
AMZN,2022-07-15,-0.028267647,,-0.060617082,0.060617082,125,2.29,13.65,0.736858746,0.263141254,5.279284642,2022-08-19
AMZN,2022-08-19,-0.035880289,,-0.108621927,0.108621927,144,2.75,8.25,0.65385534,0.34614466,4.65379563,2022-09-16
AMZN,2022-09-16,-0.015193055,,-0.093450028,0.093450028,135,2.17,13.125,0.747653875,0.252346125,4.934451803,2022-10-21
AMZN,2022-10-21,-0.015838255,,-0.057593762,0.057593762,130,2.775,13.2,0.708412467,0.291587533,5.814800029,2022-11-18
AMZN,2022-11-18,-0.028131423,,,,100,2.28,7.9,0.668769066,0.331230934,4.141517848,2022-12-16
AVGO,2019-01-18,-0.002924415,,0.026506143,-0.026506143,27,0.37,1.29,0.677758936,0.322241064,0.666461779,2019-02-15
AVGO,2019-02-15,0.00770801,LS,0.102005927,-0.102005927,29,0.64,1.43,0.628726751,0.371273249,0.933305867,2019-03-15
AVGO,2019-03-15,0.013278031,,,,30,0.375,1.59,0.703894262,0.296105738,0.734768471,2019-04-18
AVGO,2019-04-19,0.019056676,,-0.209673596,0.209673596,,,,,,,
AVGO,2019-05-17,0.030733199,LS,0.15499962,-0.15499962,31,0.44,2.595,0.736761276,0.263238724,1.00727945,2019-06-21
AVGO,2019-06-21,0.027106175,LS,0.007398514,-0.007398514,28,0.62,1.13,0.588452447,0.411547553,0.829889252,2019-07-19
AVGO,2019-07-19,0.010858909,,-0.025346171,0.025346171,30,0.4,1.335,0.676359606,0.323640394,0.702603768,2019-08-16
AVGO,2019-08-16,0.032769135,LS,-0.01413953,0.01413953,29,0.54,2.305,0.696004477,0.303995523,1.076552098,2019-09-20
AVGO,2019-09-20,0.034565104,LS,0.060780992,-0.060780992,29,0.575,1.1,0.590667492,0.409332508,0.789899566,2019-10-18
AVGO,2019-10-18,0.020016254,LS,0.079768737,-0.079768737,28,1.29,0.525,0.355787097,0.644212903,0.797177129,2019-11-15
AVGO,2019-11-15,0.027293909,LS,0.009580955,-0.009580955,33,0.43,2.35,0.729922345,0.270077655,0.948549098,2019-12-20
AVGO,2019-12-20,0.027157241,,-0.0343669,0.0343669,32,0.72,0.77,0.501709347,0.498290653,0.744914533,2020-01-17
AVGO,2020-01-17,0.026915445,,-0.106634394,0.106634394,32,0.4,1.505,0.688668401,0.311331599,0.744021417,2020-02-21
AVGO,2020-02-21,0.022791922,,-0.115585699,0.115585699,32,0.53,2.27,0.697614376,0.302385624,1.056150987,2020-03-20
AVGO,2020-03-20,0.017258009,,0.145595428,-0.145595428,20,1.365,2.02,0.530421732,0.469578268,1.672573765,2020-04-17
AVGO,2020-04-17,-0.001709293,,0.072344914,-0.072344914,25,2.39,0.85,0.313001397,0.686998603,1.332022151,2020-05-15
AVGO,2020-05-15,-0.017565225,,0.095196706,-0.095196706,28,0.625,2.875,0.699917294,0.300082706,1.300186088,2020-06-19
AVGO,2020-06-19,0.014731959,,0.003611818,-0.003611818,31,1.09,1.46,0.571040789,0.428959211,1.248714908,2020-07-17
AVGO,2020-07-17,0.007217895,,0.095975481,-0.095975481,32,0.905,1.595,0.575531633,0.424468367,1.197883173,2020-08-21
AVGO,2020-08-21,0.015199549,,0.059154723,-0.059154723,34,0.815,1.995,0.620241526,0.379758474,1.263114999,2020-09-18
AVGO,2020-09-18,0.017832093,,-0.040322063,0.040322063,37,0.69,2.095,0.65468372,0.34531628,1.175169373,2020-10-16
AVGO,2020-10-16,0.027842549,,0.148586668,-0.148586668,40,0.695,2.81,0.694193806,0.305806194,1.341780101,2020-11-20
AVGO,2020-11-20,0.027694706,,0.099350582,-0.099350582,39,1.2,1.985,0.565235587,0.434764413,1.541290064,2020-12-18
AVGO,2020-12-18,0.016777361,,0.028890609,-0.028890609,45,0.745,2.1,0.667627526,0.332372474,1.195364703,2021-01-15
AVGO,2021-01-15,0.029414244,,0.042995552,-0.042995552,44,1.875,1.25,0.422255898,0.577744102,1.513909936,2021-02-19
AVGO,2021-02-19,0.041570378,,-0.005727197,0.005727197,48,2.36,1.565,0.419261712,0.580738288,1.898313061,2021-03-19
AVGO,2021-03-19,0.053890833,,-0.016088891,0.016088891,50,0.645,3.13,0.725846301,0.274153699,1.326271942,2021-04-16
AVGO,2021-04-16,0.068307311,,0.035355377,-0.035355377,50,0.615,2.68,0.712549276,0.287450724,1.208585745,2021-05-21
AVGO,2021-05-21,0.054550708,,0.017372831,-0.017372831,47,0.81,2.93,0.679853528,0.320146472,1.48871052,2021-06-18
AVGO,2021-06-18,0.046511272,,0.017954355,-0.017954355,48,0.505,2.305,0.740229097,0.259770903,0.972587625,2021-07-16
AVGO,2021-07-16,0.041071151,,0.024331744,-0.024331744,49,0.565,2.745,0.722688203,0.277311797,1.169539717,2021-08-20
AVGO,2021-08-20,0.042322152,,-0.017548343,0.017548343,50,0.525,3.165,0.742115913,0.257884087,1.205813991,2021-09-17
AVGO,2021-09-17,0.035229322,,0.096385418,-0.096385418,52,0.545,2.29,0.706041781,0.293958219,1.057957092,2021-10-15
AVGO,2021-10-15,0.032063597,,0.041399841,-0.041399841,52,0.58,2.205,0.696537016,0.303462984,1.073127349,2021-11-19
AVGO,2021-11-19,0.034133935,,0.209418204,-0.209418204,59,0.845,3.105,0.679936841,0.320063159,1.56834274,2021-12-17
AVGO,2021-12-17,0.029388367,,-0.119522117,0.119522117,63,2.41,2.095,0.473843408,0.526156592,2.244260674,2022-01-21
AVGO,2022-01-21,0.024120118,,0.002664372,-0.002664372,55,1.385,2.84,0.610272129,0.389727871,1.952054052,2022-02-18
AVGO,2022-02-18,0.040531717,,0.079213254,-0.079213254,58,2.86,2.945,0.485141164,0.514858836,2.903763001,2022-03-18
AVGO,2022-03-18,0.025757384,,,,62,1.285,2.68,0.599908745,0.400091255,1.8431273,2022-04-14
AVGO,2022-04-15,0.026520254,,0.046427741,-0.046427741,,,,,,,
AVGO,2022-05-20,0.035184085,,-0.155769387,0.155769387,58,1.21,5.07,0.691209027,0.308790973,2.401933157,2022-06-17
AVGO,2022-06-17,0.021100046,,0.102238979,-0.102238979,53,0.68,4.165,0.749047053,0.250952947,1.554571019,2022-07-15
AVGO,2022-07-15,0.023741402,LS,-0.067918411,0.067918411,50,1.69,2.2,0.522557447,0.477442553,1.933495702,2022-08-19
AVGO,2022-08-19,0.007948334,LS,-0.102829746,0.102829746,58,0.79,3.805,0.722764129,0.277235871,1.625866152,2022-09-16
AVGO,2022-09-16,0.01503081,LS,0.058808411,-0.058808411,53,0.88,3.88,0.708234781,0.291765219,1.755295658,2022-10-21
AVGO,2022-10-21,0.010451713,,0.172106112,-0.172106112,45,1.945,1.87,0.473176645,0.526823355,1.905488248,2022-11-18
AVGO,2022-11-18,-0.007658756,LS,,,55,0.805,4.18,0.727726817,0.272273183,1.723921992,2022-12-16
BABA,2019-01-18,-0.001799567,,0.086297481,-0.086297481,155,7.725,5.775,0.432681163,0.567318837,6.618728268,2019-02-15
BABA,2019-02-15,-0.03204144,SS,-0.003172468,0.003172468,170,3.1,7.025,0.614209121,0.385790879,4.614229199,2019-03-15
BABA,2019-03-15,-0.003125986,,,,185,3.25,7.175,0.6112378,0.3887622,4.775891634,2019-04-18
BABA,2019-04-19,0.005989298,,-0.195667845,0.195667845,,,,,,,
BABA,2019-05-17,0.00817745,,0.135268332,-0.135268332,180,2.5,12.3,0.727970126,0.272029874,5.165892761,2019-06-21
BABA,2019-06-21,-0.000181599,,0.021601654,-0.021601654,170,4.85,7.325,0.547139644,0.452860356,5.97082938,2019-07-19
BABA,2019-07-19,-0.012239617,SS,0.01109173,-0.01109173,180,2.515,9,0.688586465,0.311413535,4.534516777,2019-08-16
BABA,2019-08-16,-0.000775355,,-0.044563733,0.044563733,185,2.73,12.475,0.71888776,0.28111224,5.469438777,2019-09-20
BABA,2019-09-20,0.007121771,,0.056445967,-0.056445967,190,2.77,10.1,0.682274822,0.317725178,5.098925554,2019-10-18
BABA,2019-10-18,0.013454724,,0.132056246,-0.132056246,175,4.025,9.625,0.619264382,0.380735618,6.157119463,2019-11-15
BABA,2019-11-15,0.021807147,,0.06049882,-0.06049882,195,2.515,12,0.717646776,0.282353224,5.19312033,2019-12-20
BABA,2019-12-20,0.015066841,,-0.025979016,0.025979016,220,2.145,9.325,0.719843506,0.280156494,4.156523628,2020-01-17
BABA,2020-01-17,0.040516599,,0.00682438,-0.00682438,240,3.15,15.475,0.721436292,0.278563708,6.583297704,2020-02-21
BABA,2020-02-21,0.025177839,,-0.064998814,0.064998814,225,2.64,14.825,0.739360127,0.260639873,5.815896851,2020-03-20
BABA,2020-03-20,0.014970885,,0.042109658,-0.042109658,175,13.7,7.325,0.376204699,0.623795301,9.723304957,2020-04-17
BABA,2020-04-17,0.015879689,,0.023289366,-0.023289366,220,4.025,14.325,0.682685876,0.317314124,7.293335477,2020-05-15
BABA,2020-05-15,0.008416157,,0.040069854,-0.040069854,200,12.15,8.35,0.417245535,0.582754465,9.935533034,2020-06-19
BABA,2020-06-19,0.030032293,,0.163746984,-0.163746984,225,6.5,10.275,0.564880357,0.435119643,8.142576652,2020-07-17
BABA,2020-07-17,0.019852387,,0.143455787,-0.143455787,250,11.075,13.75,0.51147884,0.48852116,12.3817941,2020-08-21
BABA,2020-08-21,0.021531314,,0.02421305,-0.02421305,280,6.55,20.3,0.657920675,0.342079325,11.25359072,2020-09-18
BABA,2020-09-18,0.035409065,,0.036432949,-0.036432949,275,10.35,12.2,0.515730113,0.484269887,11.24589929,2020-10-16
BABA,2020-10-16,0.052501748,,-0.135645835,0.135645835,330,8.025,30.3,0.680371672,0.319628328,15.14472101,2020-11-20
BABA,2020-11-20,0.049571483,,-0.116303896,0.116303896,290,4.2,22.85,0.73908168,0.26091832,9.066126673,2020-12-18
BABA,2020-12-18,0.040878456,,0.090661643,-0.090661643,275,4.425,19.175,0.705940595,0.294059405,8.762376223,2021-01-15
BABA,2021-01-15,0.023047124,SS,-0.063310705,0.063310705,265,4.8,26.45,0.728732066,0.271267934,10.67295077,2021-02-19
BABA,2021-02-19,0.014835771,SS,-0.046391973,0.046391973,280,4.45,21.05,0.713098467,0.286901533,9.21256545,2021-03-19
BABA,2021-03-19,0.022457341,SS,0.018612123,-0.018612123,240,9,9.55,0.489622099,0.510377901,9.280707846,2021-04-16
BABA,2021-04-16,0.022610805,SS,-0.073564784,0.073564784,250,5.125,16.575,0.662077728,0.337922272,8.994210011,2021-05-21
BABA,2021-05-21,0.014565202,SS,0.059915712,-0.059915712,220,3.525,12.4,0.677325062,0.322674938,6.388740075,2021-06-18
BABA,2021-06-18,0.014139998,SS,-0.139295893,0.139295893,210,7.25,4.675,0.423849421,0.576150579,5.76641226,2021-07-16
BABA,2021-07-16,0.003809577,SS,-0.144475467,0.144475467,205,11.7,4.775,0.343652669,0.656347331,7.154794731,2021-08-20
BABA,2021-08-20,-0.00562963,SS,-0.113419919,0.113419919,160,10.4,12.55,0.493837622,0.506162378,11.48824911,2021-09-17
BABA,2021-09-17,-0.031334328,SS,0.11408437,-0.11408437,170,3.925,13.95,0.670647768,0.329352232,7.22675613,2021-10-15
BABA,2021-10-15,-0.046669648,SS,-0.226809418,0.226809418,180,4.275,16.25,0.678712483,0.321287517,8.122418018,2021-11-19
BABA,2021-11-19,-0.060292636,SS,-0.068531616,0.068531616,155,2.685,17.25,0.748295036,0.251704964,6.351082798,2021-12-17
BABA,2021-12-17,-0.03758989,SS,0.058929663,-0.058929663,130,4.775,12.925,0.622502009,0.377497991,7.851608625,2022-01-21
BABA,2022-01-21,-0.047635846,SS,-0.163765734,0.163765734,135,2.92,14.45,0.716333506,0.283666494,6.190674673,2022-02-18
BABA,2022-02-18,-0.062107961,SS,0.03432006,-0.03432006,125,5.625,11.525,0.580880517,0.419119483,8.097804947,2022-03-18
BABA,2022-03-18,-0.0509952,SS,,,120,4.35,15.85,0.663105303,0.336894697,8.224289021,2022-04-14
BABA,2022-04-15,-0.061665542,SS,-0.010710917,0.010710917,,,,,,,
BABA,2022-05-20,-0.060237548,SS,0.183551097,-0.183551097,100,2.46,15.575,0.736096618,0.263903382,5.921092857,2022-06-17
BABA,2022-06-17,-0.063334175,SS,-0.21384709,0.21384709,120,3.025,20.15,0.748166044,0.251833956,7.33765649,2022-07-15
BABA,2022-07-15,-0.069754778,SS,0.067582663,-0.067582663,110,5.15,12.45,0.601738786,0.398261214,8.057306866,2022-08-19
BABA,2022-08-19,-0.040405052,,-0.161618102,0.161618102,95,2.83,8.025,0.636469867,0.363530133,4.718539042,2022-09-16
BABA,2022-09-16,-0.046711563,,-0.205150077,0.205150077,95,2.45,10.925,0.694754892,0.305245108,5.036952294,2022-10-21
BABA,2022-10-21,-0.030256783,,0.377163295,-0.377163295,70,6.625,4.3,0.394458103,0.605541897,5.217115089,2022-11-18
BABA,2022-11-18,-0.055320644,,,,90,2.25,11.4,0.71586094,0.28413906,4.849872398,2022-12-16
COIN,2022-01-21,0.008704097,,0.003259771,-0.003259771,225,6.3,39.3,0.728902883,0.271097117,15.24620486,2022-02-18
COIN,2022-02-18,-0.014354578,,-0.00477119,0.00477119,205,11.4,27,0.591142946,0.408857054,17.77817005,2022-03-18
COIN,2022-03-18,-0.037573498,,,,200,7.05,21.9,0.638121336,0.361878664,12.42389817,2022-04-14
COIN,2022-04-15,-0.033861383,SS,-0.307071819,0.307071819,,,,,,,
COIN,2022-05-20,-0.025810145,,-0.397950013,0.397950013,80,4.2,17.9,0.660321228,0.339678772,8.853599178,2022-06-17
COIN,2022-06-17,-0.044089228,,0.33900774,-0.33900774,50,8,6.85,0.402562836,0.597437164,7.312947262,2022-07-15
COIN,2022-07-15,-0.078446181,SS,0.060989645,-0.060989645,70,2.455,18.925,0.735280611,0.264719389,6.814928329,2022-08-19
COIN,2022-08-19,-0.108622529,SS,-0.034579766,0.034579766,90,3.675,19.575,0.694434261,0.305565739,8.533495255,2022-09-16
COIN,2022-09-16,-0.086419027,SS,0.027289853,-0.027289853,90,3.725,19.725,0.693379539,0.306620461,8.63092737,2022-10-21
COIN,2022-10-21,-0.06981112,SS,-0.309734475,0.309734475,65,9.15,7.775,0.410697195,0.589302805,8.339708643,2022-11-18
COIN,2022-11-18,-0.109697634,SS,,,55,2.96,12.7,0.656465481,0.343534519,6.30602622,2022-12-16
F,2019-01-18,-0.017979291,SS,,,9,0.115,0.67,0.733620553,0.266379447,0.262840593,2019-02-15
F,2019-02-15,-0.02592964,,0.001139679,-0.001139679,,,,,,,
F,2019-03-15,-0.007479138,SS,,,8,0.57,0.14,0.304146479,0.695853521,0.270782986,2019-04-18
F,2019-04-19,-0.011816034,SS,-0.088995071,0.088995071,,,,,,,
F,2019-05-17,-0.01428719,SS,0.07458032,-0.07458032,10,0.49,0.17,0.327453021,0.672546979,0.274784967,2019-06-21
F,2019-06-21,0.002205523,,-0.054479375,0.054479375,10,0.245,0.285,0.519392882,0.480607118,0.264224285,2019-07-19
F,2019-07-19,-0.002106839,,-0.03777602,0.03777602,10,0.36,0.26,0.440935667,0.559064333,0.304093567,2019-08-16
F,2019-08-16,0.011960611,,-0.001094498,0.001094498,9,0.285,0.295,0.496942438,0.503057562,0.290030576,2019-09-20
F,2019-09-20,0.012078404,,-0.046647566,0.046647566,9,0.35,0.175,0.391138064,0.608861936,0.243449161,2019-10-18
F,2019-10-18,0.010849886,,0.054714105,-0.054714105,9,0.405,0.245,0.407764982,0.592235018,0.310242397,2019-11-15
F,2019-11-15,0.006127725,,,,9,0.215,0.255,0.514334326,0.485665674,0.234426627,2019-12-20
F,2019-12-20,0.003219855,SS,-0.03555676,0.03555676,,,,,,,
F,2020-01-17,0.025197106,,-0.210883164,0.210883164,9,0.31,0.305,0.441454838,0.558545162,0.307207274,2020-02-21
F,2020-02-21,0.012138006,,-0.306034203,0.306034203,8,0.205,0.295,0.549570168,0.450429832,0.245538685,2020-03-20
F,2020-03-20,0.009215352,,0.053829518,-0.053829518,5,0.34,1.01,0.605599299,0.394400701,0.60424847,2020-04-17
F,2020-04-17,-0.010059452,SS,0.121804333,-0.121804333,6,0.205,1.09,0.745929748,0.254070252,0.429852173,2020-05-15
F,2020-05-15,-0.056880448,SS,0.064798438,-0.064798438,5.5,0.145,0.74,0.711798747,0.288201253,0.316479746,2020-06-19
F,2020-06-19,-0.043896394,SS,0.08717098,-0.08717098,6,0.535,0.275,0.376080609,0.623919391,0.372780958,2020-07-17
F,2020-07-17,-0.039603302,SS,0.031767897,-0.031767897,7,0.435,0.65,0.560346415,0.439653585,0.529525521,2020-08-21
F,2020-08-21,-0.028759864,SS,-0.023459735,0.023459735,7,0.165,0.495,0.652897628,0.347102372,0.279543783,2020-09-18
F,2020-09-18,-0.017401046,SS,0.160663424,-0.160663424,7,0.475,0.235,0.370879391,0.629120609,0.324011054,2020-10-16
F,2020-10-16,-0.014413556,SS,0.174644606,-0.174644606,7,0.865,0.205,0.256861399,0.743138601,0.374528523,2020-11-20
F,2020-11-20,-0.012305571,SS,-0.031939991,0.031939991,9,0.265,0.515,0.587425482,0.412574518,0.368143629,2020-12-18
F,2020-12-18,-0.002673815,SS,0.19795143,-0.19795143,9,0.375,0.375,0.500088508,0.499911492,0.375,2021-01-15
F,2021-01-15,0.01079503,SS,0.11111087,-0.11111087,10,0.465,0.625,0.522301517,0.477698483,0.541431757,2021-02-19
F,2021-02-19,0.011123828,SS,0.047009745,-0.047009745,11,0.905,0.34,0.324664745,0.675335255,0.523435581,2021-03-19
F,2021-03-19,0.048290609,,-0.057958311,0.057958311,12,1.185,0.345,0.29013949,0.70986051,0.588717172,2021-04-16
F,2021-04-16,0.086212888,,0.259099078,-0.259099078,12,0.725,0.475,0.414049564,0.585950436,0.578512391,2021-05-21
F,2021-05-21,0.085592909,,0.022709647,-0.022709647,14,0.425,1.03,0.628474583,0.371525417,0.649772877,2021-06-18
F,2021-06-18,0.06925085,,-0.061238718,0.061238718,15,0.455,0.905,0.593273764,0.406726236,0.638026806,2021-07-16
F,2021-07-16,0.086914545,,-0.065949088,0.065949088,14,0.525,0.9,0.563568782,0.436431218,0.688661707,2021-08-20
F,2021-08-20,0.081054424,,0.086722941,-0.086722941,12,0.845,0.28,0.31163206,0.68836794,0.456072114,2021-09-17
F,2021-09-17,0.072599277,,0.206217624,-0.206217624,14,0.345,0.77,0.613927726,0.386072274,0.509080716,2021-10-15
F,2021-10-15,0.068736608,,0.129281007,-0.129281007,15,1.135,0.415,0.327105026,0.672894974,0.650515619,2021-11-19
F,2021-11-19,0.062014746,,0.082337692,-0.082337692,20,0.715,1.32,0.574138716,0.425861284,0.972646077,2021-12-17
F,2021-12-17,0.064885021,,-0.017626654,0.017626654,20,1.095,1.265,0.500211902,0.499788098,1.179963977,2022-01-21
F,2022-01-21,0.079541475,,-0.134977367,0.134977367,22,0.815,2.18,0.629954377,0.370045623,1.320112276,2022-02-18
F,2022-02-18,0.069031135,LS,-0.037016924,0.037016924,19,0.595,1.53,0.623896058,0.376103942,0.946657186,2022-03-18
F,2022-03-18,0.057327724,LS,,,16,1.345,0.475,0.317415337,0.682584663,0.751151343,2022-04-14
F,2022-04-15,0.040783441,LS,-0.033897974,0.033897974,,,,,,,
F,2022-05-20,0.042687203,LS,-0.186406115,0.186406115,12,1.045,0.535,0.366809359,0.633190641,0.722072773,2022-06-17
F,2022-06-17,0.00484973,,0.319856075,-0.319856075,11,0.805,0.555,0.413981699,0.586018301,0.658495425,2022-07-15
F,2022-07-15,-0.000296418,,0.047481577,-0.047481577,13,0.285,1.5,0.718959975,0.281040025,0.626463631,2022-08-19
F,2022-08-19,-0.011675272,,-0.265091761,0.265091761,17,0.275,1.365,0.720294389,0.279705611,0.579879116,2022-09-16
F,2022-09-16,0.023397925,LS,0.193750899,-0.193750899,14,1.255,0.525,0.337655547,0.662344453,0.771488549,2022-10-21
F,2022-10-21,0.019830528,LS,0.050733725,-0.050733725,12,0.815,0.675,0.441500301,0.558499699,0.736810042,2022-11-18
F,2022-11-18,-0.02301578,,,,15,0.265,1.265,0.712153439,0.287846561,0.552846561,2022-12-16
GOOGL,2019-01-18,0.006872305,,0.000586425,-0.000586425,57.5,0.85,2.9875,0.675198765,0.324801235,1.54426264,2019-02-15
GOOGL,2019-02-15,-0.009544877,,0.044683039,-0.044683039,58,0.5525,2.49,0.715388164,0.284611836,1.103935433,2019-03-15
GOOGL,2019-03-15,0.003516906,,,,61.5,0.55,2.45,0.713603726,0.286396274,1.094152921,2019-04-18
GOOGL,2019-04-19,0.009069613,,-0.077116507,0.077116507,,,,,,,
GOOGL,2019-05-17,0.014758592,,-0.021416893,0.021416893,59.75,0.9425,2.12,0.616970934,0.383029066,1.393516726,2019-06-21
GOOGL,2019-06-21,0.009196722,,0.125046202,-0.125046202,57.25,0.77,1.775,0.617269621,0.382730379,1.154644031,2019-07-19
GOOGL,2019-07-19,-0.000226199,,-0.022711571,0.022711571,58.25,0.975,2.535,0.637364515,0.362635485,1.540711356,2019-08-16
GOOGL,2019-08-16,-0.010065481,SS,0.025713897,-0.025713897,61.25,0.7125,2.895,0.700262551,0.299737449,1.366676982,2019-09-20
GOOGL,2019-09-20,0.000962908,,0.030840955,-0.030840955,63.5,0.3975,2.31,0.7522427,0.2477573,0.871335836,2019-10-18
GOOGL,2019-10-18,0.000722446,,0.035978227,-0.035978227,62.5,1.6825,1.8175,0.504354908,0.495645092,1.749412087,2019-11-15
GOOGL,2019-11-15,0.011833993,,0.027069828,-0.027069828,68,0.7375,2.035,0.645447545,0.354552455,1.19753181,2019-12-20
GOOGL,2019-12-20,0.013048216,,,,68.5,0.695,1.4775,0.623088243,0.376911757,0.98993345,2020-01-17
GOOGL,2020-01-17,0.021618734,,-0.065279017,0.065279017,,,,,,,
GOOGL,2020-02-21,0.017038901,,-0.132386578,0.132386578,76.5,0.8,3.1225,0.693509038,0.306490962,1.511825259,2020-03-20
GOOGL,2020-03-20,0.023324101,,0.15900005,-0.15900005,58.5,1.315,6.5425,0.713336226,0.286663774,2.813534881,2020-04-17
GOOGL,2020-04-17,0.01332755,,0.06446983,-0.06446983,66,1.8375,4.04,0.598985903,0.401014097,2.720733549,2020-05-15
GOOGL,2020-05-15,-0.00041253,,-0.010790651,0.010790651,70,1.7025,2.995,0.575923136,0.424076864,2.250619347,2020-06-19
GOOGL,2020-06-19,0.021052612,,0.049294979,-0.049294979,73.25,1.35,3.1875,0.632003835,0.367996165,2.026192953,2020-07-17
GOOGL,2020-07-17,0.028860495,,0.095152768,-0.095152768,80.5,1.4575,6.26,0.699183686,0.300816314,2.902170347,2020-08-21
GOOGL,2020-08-21,0.016511691,,-0.100599991,0.100599991,82.5,0.9475,4.765,0.723180687,0.276819313,2.004257729,2020-09-18
GOOGL,2020-09-18,0.023057741,,0.102695573,-0.102695573,77.25,0.96,5.575,0.74551918,0.25448082,2.134428983,2020-10-16
GOOGL,2020-10-16,0.029370365,,,,85,1.2825,7.8425,0.745987686,0.254012314,2.948820782,2020-11-20
GOOGL,2020-11-20,0.017421188,,-0.001002177,0.001002177,,,,,,,
GOOGL,2020-12-18,0.023486402,,0.042631858,-0.042631858,87.5,2.275,3.215,0.553443841,0.446556159,2.694762789,2021-01-15
GOOGL,2021-01-15,0.028804377,,0.106467089,-0.106467089,91,1.5575,6.12,0.691456053,0.308543947,2.96523176,2021-02-19
GOOGL,2021-02-19,0.022374759,,0.020084419,-0.020084419,106,2.055,3.6425,0.575272736,0.424727264,2.729254532,2021-03-19
GOOGL,2021-03-19,0.032184838,SS,0.14108004,-0.14108004,102.75,2.325,3.6075,0.561418176,0.438581824,2.88748119,2021-04-16
GOOGL,2021-04-16,0.053898808,,0.0014233,-0.0014233,119,1.9575,6.635,0.677609411,0.322390589,3.46548198,2021-05-21
GOOGL,2021-05-21,0.041270114,,0.036037605,-0.036037605,118.5,1.2225,5.0225,0.701300014,0.298699986,2.357559945,2021-06-18
GOOGL,2021-06-18,0.048234679,,0.103504368,-0.103504368,120,2.915,2.5225,0.481725802,0.518274198,2.711577377,2021-07-16
GOOGL,2021-07-16,0.049345038,,0.074010629,-0.074010629,130,2.545,5.49,0.608833864,0.391166136,3.696984269,2021-08-20
GOOGL,2021-08-20,0.048139822,,-0.076169269,0.076169269,140,1.6375,4.165,0.637425885,0.362574115,2.553906075,2021-09-17
GOOGL,2021-09-17,0.048899059,,0.107496642,-0.107496642,142.5,2.4425,4.0425,0.573063308,0.426936692,3.125598707,2021-10-15
GOOGL,2021-10-15,0.064772752,,-0.04153165,0.04153165,146.25,2.005,6.7,0.67826446,0.32173554,3.515548361,2021-11-19
GOOGL,2021-11-19,0.048512311,,0.020821399,-0.020821399,155,1.44,7.3975,0.734897974,0.265102026,3.019345318,2021-12-17
GOOGL,2021-12-17,0.050505864,,-0.065918611,0.065918611,149.5,1.6775,9.0425,0.745414192,0.254585808,3.552524475,2022-01-21
GOOGL,2022-01-21,0.046821367,,-0.001823986,0.001823986,138.75,2.22,10.115,0.721664932,0.278335068,4.417455358,2022-02-18
GOOGL,2022-02-18,0.044838598,,0.029693954,-0.029693954,135,2.475,7.14,0.647181353,0.352818647,4.12089899,2022-03-18
GOOGL,2022-03-18,0.02916717,,,,142,1.4475,7.465,0.729498633,0.270501367,3.075241978,2022-04-14
GOOGL,2022-04-15,0.027175497,,-0.003046001,0.003046001,,,,,,,
GOOGL,2022-05-20,0.017049489,,-0.042183696,0.042183696,116,1.4675,8.465,0.741844078,0.258155922,3.273946067,2022-06-17
GOOGL,2022-06-17,0.000604936,,0.067518108,-0.067518108,115,1.49,9.155,0.751152804,0.248847196,3.397413759,2022-07-15
GOOGL,2022-07-15,-0.002948119,,-0.069635632,0.069635632,117.5,3.115,8.81,0.637724203,0.362275797,5.178160663,2022-08-19
GOOGL,2022-08-19,-0.016192489,,-0.116153319,0.116153319,121,2.065,5.5,0.645230738,0.354769262,3.283632415,2022-09-16
GOOGL,2022-09-16,-0.016782718,,-0.011918336,0.011918336,110,1.795,8.575,0.721112552,0.278887448,3.685856899,2022-10-21
GOOGL,2022-10-21,-0.016188751,,0.068563625,-0.068563625,107.5,2.45,8.575,0.670190803,0.329809197,4.470081331,2022-11-18
GOOGL,2022-11-18,-0.036520566,,,,100,2.495,4.8,0.587386617,0.412613383,3.446073848,2022-12-16
INTC,2019-01-18,0.00947926,,0.131032002,-0.131032002,49,1.705,1.815,0.484773554,0.515226446,1.761674909,2019-02-15
INTC,2019-02-15,0.001191789,,0.013975288,-0.013975288,50,2.33,0.635,0.292551785,0.707448215,1.130875276,2019-03-15
INTC,2019-03-15,-0.001233653,,,,55,1.03,1.475,0.561248877,0.438751123,1.22524425,2019-04-18
INTC,2019-04-19,0.005532522,SS,-0.131842987,0.131842987,,,,,,,
INTC,2019-05-17,0.007606013,,0.086967843,-0.086967843,45,1.405,1.435,0.488503625,0.511496375,1.420344891,2019-06-21
INTC,2019-06-21,-0.003754483,SS,0.055984986,-0.055984986,48,1.1,1.54,0.542768673,0.457231327,1.301181784,2019-07-19
INTC,2019-07-19,-0.006698751,,-0.05582606,0.05582606,52.5,0.745,3.1,0.704470078,0.295529922,1.440972966,2019-08-16
INTC,2019-08-16,0.004151853,,0.086903342,-0.086903342,48,0.94,2.285,0.630436716,0.369563284,1.437062617,2019-09-20
INTC,2019-09-20,0.008060671,,0.097027743,-0.097027743,52.5,0.64,2.285,0.692669495,0.307330505,1.145558681,2019-10-18
INTC,2019-10-18,0.005125494,,0.032504528,-0.032504528,52.5,1.14,2.4,0.604155202,0.395844798,1.638764445,2019-11-15
INTC,2019-11-15,0.013813959,,0.03100807,-0.03100807,57.5,1.635,1.165,0.43559483,0.56440517,1.36972957,2019-12-20
INTC,2019-12-20,0.017315338,,0.068169328,-0.068169328,60,0.735,1.725,0.624048166,0.375951834,1.107192316,2020-01-17
INTC,2020-01-17,0.024658282,,-0.127277964,0.127277964,60,1.625,2.27,0.532507731,0.467492269,1.926532514,2020-02-21
INTC,2020-02-21,0.027109148,,-0.025216989,0.025216989,67.5,0.68,3.8,0.740456879,0.259543121,1.489774536,2020-03-20
INTC,2020-03-20,0.02139436,,0.10827598,-0.10827598,50,1.795,6.025,0.649101204,0.350898796,3.279301908,2020-04-17
INTC,2020-04-17,0.008553155,,0.055032992,-0.055032992,65,1.29,6.3,0.710589189,0.289410811,2.739948163,2020-05-15
INTC,2020-05-15,0.010763804,,-0.049264044,0.049264044,62.5,0.92,5.175,0.735296737,0.264703263,2.046312383,2020-06-19
INTC,2020-06-19,0.032592801,,-0.202238694,0.202238694,62.5,1.18,3.95,0.673674989,0.326325011,2.083920282,2020-07-17
INTC,2020-07-17,0.029689632,,0.074714739,-0.074714739,62.5,1.42,4.2,0.646237493,0.353762507,2.403459769,2020-08-21
INTC,2020-08-21,0.020121539,,0.016290798,-0.016290798,50,1.11,1.825,0.566038735,0.433961265,1.420282305,2020-09-18
INTC,2020-09-18,0.006811299,SS,-0.144842997,0.144842997,52.5,0.63,3.225,0.728425608,0.271574392,1.334735547,2020-10-16
INTC,2020-10-16,0.005703245,SS,0.099801349,-0.099801349,57.5,1.11,4.75,0.696293564,0.303706436,2.215491427,2020-11-20
INTC,2020-11-20,-0.001636478,SS,0.030406834,-0.030406834,47.5,0.555,2.63,0.721669769,0.278330231,1.13253523,2020-12-18
INTC,2020-12-18,-0.01775898,SS,0.114210218,-0.114210218,50,0.795,3.25,0.702313935,0.297686065,1.525819289,2021-01-15
INTC,2021-01-15,-0.011505045,SS,0.101409228,-0.101409228,62.5,1.01,6.25,0.743096624,0.256903376,2.356173692,2021-02-19
INTC,2021-02-19,-0.014937999,SS,0.052979533,-0.052979533,65,1.45,3.4,0.617917564,0.382082436,2.195060749,2021-03-19
INTC,2021-03-19,0.007015472,SS,-0.101093726,0.101093726,65,1.905,3.15,0.560979243,0.439020757,2.451580842,2021-04-16
INTC,2021-04-16,0.018526946,SS,-0.00109308,0.00109308,65,2.38,2.905,0.509242734,0.490757266,2.637647565,2021-05-21
INTC,2021-05-21,0.013499996,SS,-0.017157386,0.017157386,57.5,0.925,2.375,0.633100527,0.366899473,1.457004235,2021-06-18
INTC,2021-06-18,-0.000693342,SS,-0.043106571,0.043106571,57.5,0.95,2.55,0.660716611,0.339283389,1.492853422,2021-07-16
INTC,2021-07-16,0.003685837,SS,0.012819386,-0.012819386,55,2.165,2.47,0.497146422,0.502853578,2.318370341,2021-08-20
INTC,2021-08-20,0.02051141,,-0.014426586,0.014426586,52.5,1.095,1.56,0.5482998,0.4517002,1.305040593,2021-09-17
INTC,2021-09-17,0.009800382,,-0.080330527,0.080330527,55,0.985,1.735,0.576929271,0.423070729,1.302303047,2021-10-15
INTC,2021-10-15,0.009484799,SS,0.011015688,-0.011015688,55,1.63,2.45,0.543159165,0.456840835,2.004609485,2021-11-19
INTC,2021-11-19,0.021340836,SS,0.04674829,-0.04674829,50,1.05,1.48,0.547819982,0.452180018,1.244437408,2021-12-17
INTC,2021-12-17,0.004965211,SS,-0.052041442,0.052041442,52.5,0.975,2.725,0.652594242,0.347405758,1.582960076,2022-01-21
INTC,2022-01-21,0.00320238,SS,-0.015513731,0.015513731,55,1.35,4.375,0.671494485,0.328505515,2.343729182,2022-02-18
INTC,2022-02-18,-0.002930523,,0.038993397,-0.038993397,45,1.655,1.54,0.476843136,0.523156864,1.594836961,2022-03-18
INTC,2022-03-18,-0.016880584,,,,47.5,1.4,1.46,0.491446566,0.508553434,1.430513206,2022-04-14
INTC,2022-04-15,-0.023107244,,0.027380979,-0.027380979,,,,,,,
INTC,2022-05-20,-0.010372051,,-0.157811668,0.157811668,40,2.67,0.965,0.32674808,0.67325192,1.522105476,2022-06-17
INTC,2022-06-17,-0.021223648,,-0.029403629,0.029403629,37.5,1.195,1.63,0.538111252,0.461888748,1.395921605,2022-07-15
INTC,2022-07-15,-0.017174705,,-0.111906869,0.111906869,40,1.235,2.885,0.604844722,0.395155278,1.887006209,2022-08-19
INTC,2022-08-19,-0.027602441,,-0.192670186,0.192670186,35,1.395,0.905,0.422743122,0.577256878,1.11214413,2022-09-16
INTC,2022-09-16,-0.031440897,,0.103218067,-0.103218067,30,1.045,1.7,0.558918575,0.441081425,1.333908333,2022-10-21
INTC,2022-10-21,-0.040302741,,0.071375752,-0.071375752,29,0.715,3.05,0.688268669,0.311731331,1.442892658,2022-11-18
INTC,2022-11-18,-0.050515438,,,,29,1.775,0.795,0.359837503,0.640162497,1.147640753,2022-12-16
MARA,2019-01-18,-0.118054369,SS,,,,,,,,,
MARA,2019-02-15,-0.135897474,SS,,,,,,,,,
MARA,2019-03-15,-0.113690395,SS,,,,,,,,,
MARA,2019-04-19,0.009852532,,-0.074575593,0.074575593,,,,,,,
MARA,2019-05-17,-0.062310765,SS,0.058607754,-0.058607754,2.5,0.725,0.35,0.277860933,0.722139067,0.45419785,2019-06-21
MARA,2019-06-21,-0.003314932,,-0.276816119,0.276816119,2.5,0.175,0.55,0.604322493,0.395677507,0.323379065,2019-07-19
MARA,2019-07-19,0.020716492,LS,-0.200956484,0.200956484,2.5,0.175,0.6,0.607148547,0.392851453,0.341961867,2019-08-16
MARA,2019-08-16,0.013074641,,0.047903747,-0.047903747,2.5,0.125,0.8,0.690588261,0.309411739,0.333852924,2019-09-20
MARA,2019-09-20,-0.00602991,SS,,,2.5,0.125,0.825,0.694975935,0.305024065,0.338516846,2019-10-18
MARA,2019-10-18,-0.001061233,,,,,,,,,,
MARA,2019-11-15,0.020927212,,,,,,,,,,
MARA,2019-12-20,-0.004397526,SS,,,,,,,,,
MARA,2020-01-17,0.028465733,,,,,,,,,,
MARA,2020-02-21,0.005703173,SS,,,,,,,,,
MARA,2020-03-20,-0.056230528,SS,,,,,,,,,
MARA,2020-04-17,-0.0558343,SS,0.55555328,-0.55555328,,,,,,,
MARA,2020-05-15,-0.137059118,SS,,,2.5,0.1,1.725,0.749308652,0.250691348,0.507373441,2020-06-19
MARA,2020-06-19,-0.130279616,SS,,,,,,,,,
MARA,2020-07-17,-0.08510275,SS,0.221673881,-0.221673881,,,,,,,
MARA,2020-08-21,-0.032665073,SS,-0.20967705,0.20967705,2.5,0.675,0.4,0.357752289,0.642247711,0.49838188,2020-09-18
MARA,2020-09-18,0.097491918,LS,0.102037951,-0.102037951,2,0.275,0.375,0.484896871,0.515103129,0.326510313,2020-10-16
MARA,2020-10-16,0.113289203,LS,1.90740578,-1.90740578,2,0.425,0.325,0.342980024,0.657019976,0.359298002,2020-11-20
MARA,2020-11-20,0.115006876,LS,0.662422691,-0.662422691,5,0.575,2.175,0.559713594,0.440286406,1.27945825,2020-12-18
MARA,2020-12-18,0.128996753,LS,0.986587887,-0.986587887,10,1.875,2.6,0.439137255,0.560862745,2.28162549,2021-01-15
MARA,2021-01-15,0.330706892,LS,0.453709545,-0.453709545,25,5.05,7.6,0.431508545,0.568491455,6.499653211,2021-02-19
MARA,2021-02-19,0.374568628,LS,0.592701877,-0.592701877,45,10.95,12.4,0.390478487,0.609521513,11.83380619,2021-03-19
MARA,2021-03-19,0.480019002,LS,-0.234070203,0.234070203,60,4.125,21.1,0.646286229,0.353713771,10.12929126,2021-04-16
MARA,2021-04-16,0.564589239,LS,-0.326536729,0.326536729,60,2.475,23.525,0.735032558,0.264967442,8.052564657,2021-05-21
MARA,2021-05-21,0.618471325,LS,0.266453185,-0.266453185,29,1.095,9.175,0.737378186,0.262621814,3.216984256,2021-06-18
MARA,2021-06-18,0.546687372,LS,-0.11922261,0.11922261,35,1.48,7.55,0.689226216,0.310773784,3.366396871,2021-07-16
MARA,2021-07-16,0.48972964,LS,0.469051613,-0.469051613,29,1.425,6.975,0.680641535,0.319358465,3.197439483,2021-08-20
MARA,2021-08-20,0.402064438,LS,-0.221977157,0.221977157,40,2.47,7.175,0.609039683,0.390960317,4.30946829,2021-09-17
MARA,2021-09-17,0.371073848,LS,0.654209092,-0.654209092,40,2.15,6.3,0.61713654,0.38286346,3.738883358,2021-10-15
MARA,2021-10-15,0.432776453,LS,-0.022397873,0.022397873,60,3.075,14.175,0.667384127,0.332615873,6.767036189,2021-11-19
MARA,2021-11-19,0.403320534,LS,-0.356570416,0.356570416,80,3.35,28.575,0.729173785,0.270826215,10.18159128,2021-12-17
MARA,2021-12-17,0.289393563,LS,-0.283627877,0.283627877,40,3.005,9.05,0.599992233,0.400007767,5.423046954,2022-01-21
MARA,2022-01-21,0.227137148,LS,0.076890395,-0.076890395,25,1.97,4.95,0.575264077,0.424735923,3.235713049,2022-02-18
MARA,2022-02-18,0.105031848,LS,0.102565434,-0.102565434,25,2.82,3.95,0.484207439,0.515792561,3.402845594,2022-03-18
MARA,2022-03-18,0.038001173,,,,30,2.095,4.2,0.556889375,0.443110625,3.027747865,2022-04-14
MARA,2022-04-15,-0.00889078,,-0.344230051,0.344230051,,,,,,,
MARA,2022-05-20,0.02171246,,-0.478005974,0.478005974,13,0.51,3.8,0.724900161,0.275099839,1.415078472,2022-06-17
MARA,2022-06-17,0.01122845,,1.432583981,-1.432583981,7.5,0.665,1.555,0.560566915,0.439433085,1.056095446,2022-07-15
MARA,2022-07-15,-0.044288208,,-0.087758428,0.087758428,10,0.71,2.83,0.624633676,0.375366324,1.505776606,2022-08-19
MARA,2022-08-19,-0.076904877,,-0.096204257,0.096204257,15,1.185,3.15,0.579392263,0.420607737,2.011494204,2022-09-16
MARA,2022-09-16,0.010688975,,0.224088691,-0.224088691,15,0.535,4.7,0.742805752,0.257194248,1.606214044,2022-10-21
MARA,2022-10-21,0.022890677,LS,-0.517925209,0.517925209,15,0.51,3.925,0.737331243,0.262668757,1.407013804,2022-11-18
MARA,2022-11-18,-0.045328718,,,,10,0.425,3.05,0.715536012,0.284463988,1.171717969,2022-12-16
META,2019-01-18,-0.017678133,SS,-0.031431604,0.031431604,160,2.705,12.45,0.709567233,0.290432767,5.535267311,2019-02-15
META,2019-02-15,-0.029206411,,0.032455484,-0.032455484,170,1.695,9,0.73480002,0.26519998,3.632285854,2019-03-15
META,2019-03-15,-0.000349818,,,,165,5.75,4.4,0.444033417,0.555966583,4.999445113,2019-04-18
META,2019-04-19,0.006239554,,-0.082369094,0.082369094,,,,,,,
META,2019-05-17,0.002243346,,0.087508218,-0.087508218,195,2.1,11.375,0.738034739,0.261965261,4.5297278,2019-06-21
META,2019-06-21,0.006355837,,0.006374088,-0.006374088,200,2.34,10.725,0.719473731,0.280526269,4.692212766,2019-07-19
META,2019-07-19,-0.002336366,,-0.044071196,0.044071196,205,5.025,11.25,0.609694081,0.390305919,7.454654347,2019-08-16
META,2019-08-16,0.015789624,,-0.04087824,0.04087824,185,5.95,6.7,0.507260192,0.492739808,6.319554856,2019-09-20
META,2019-09-20,0.014709768,,0.076203255,-0.076203255,195,2.615,7.5,0.65067603,0.34932397,4.321447591,2019-10-18
META,2019-10-18,0.016533692,,0.052128399,-0.052128399,180,10.65,4.375,0.347660708,0.652339292,6.556570944,2019-11-15
META,2019-11-15,0.019821123,,0.017903353,-0.017903353,200,3.225,7.9,0.626985893,0.373014107,4.968840952,2019-12-20
META,2019-12-20,0.03344462,LS,-0.016271527,0.016271527,205,5.7,3.85,0.436615674,0.563384326,4.657738997,2020-01-17
META,2020-01-17,0.044338628,,-0.046753262,0.046753262,235,2.925,15.775,0.732087909,0.267912091,6.367670375,2020-02-21
META,2020-02-21,0.021278149,,-0.133369543,0.133369543,220,2.495,12.25,0.722666037,0.277333963,5.200392812,2020-03-20
META,2020-03-20,0.022656338,,0.227281935,-0.227281935,155,8.075,13.05,0.545263859,0.454736141,10.3373123,2020-04-17
META,2020-04-17,0.015455543,,0.099557104,-0.099557104,195,3.005,18.525,0.750511697,0.249488303,6.877058455,2020-05-15
META,2020-05-15,-0.011235959,,0.008797418,-0.008797418,210,8.65,8.025,0.469989881,0.530010119,8.318743676,2020-06-19
META,2020-06-19,0.016914135,,0.117142265,-0.117142265,245,6.2,12.475,0.591051861,0.408948139,8.766149572,2020-07-17
META,2020-07-17,0.018009488,,0.15583204,-0.15583204,260,6.2,24,0.682117818,0.317882182,11.85830284,2020-08-21
META,2020-08-21,0.018229791,,-0.106755097,0.106755097,285,3.85,21.725,0.738339961,0.261660039,8.527173194,2020-09-18
META,2020-09-18,0.03288556,,0.004618832,-0.004618832,265,6.725,18.975,0.6409413,0.3590587,11.12346908,2020-10-16
META,2020-10-16,0.050768312,,0.05267618,-0.05267618,270,13.7,17.625,0.512051835,0.487948165,15.61519655,2020-11-20
META,2020-11-20,0.034135735,,-0.013756912,0.013756912,280,5.825,15.75,0.641914131,0.358085869,9.379002252,2020-12-18
META,2020-12-18,0.029816683,,-0.054293872,0.054293872,280,8.9,11.525,0.537814133,0.462185867,10.1132379,2021-01-15
META,2021-01-15,0.03297785,,-0.002749965,0.002749965,265,8.775,22.15,0.619433594,0.380566406,13.86507568,2021-02-19
META,2021-02-19,0.033206451,,0.143273686,-0.143273686,275,4.025,17.35,0.705111737,0.294888263,7.954386105,2021-03-19
META,2021-03-19,0.032520941,,0.103724133,-0.103724133,300,6.475,16.425,0.627066225,0.372933775,10.18569106,2021-04-16
META,2021-04-16,0.044395448,,0.011227899,-0.011227899,320,7,20.45,0.650264958,0.349735042,11.70393632,2021-05-21
META,2021-05-21,0.036758335,,0.057737697,-0.057737697,315,10.15,8.975,0.465811744,0.534188256,9.522328799,2021-06-18
META,2021-06-18,0.037137155,,0.024706308,-0.024706308,340,4.625,14.65,0.669477219,0.330522781,7.938490876,2021-07-16
META,2021-07-16,0.037358108,,0.064778611,-0.064778611,355,7.475,21.45,0.644254589,0.355745411,12.44654211,2021-08-20
META,2021-08-20,0.031957693,,-0.105408368,0.105408368,370,4.575,14.875,0.674309349,0.325690651,7.9296137,2021-09-17
META,2021-09-17,0.020037172,,-0.046612755,0.046612755,370,7.25,12.475,0.573247822,0.426752178,9.479780131,2021-10-15
META,2021-10-15,0.035631145,,0.002748568,-0.002748568,325,13.4,13.275,0.482058375,0.517941625,13.3352573,2021-11-19
META,2021-11-19,0.025628673,,0.036645797,-0.036645797,355,8.075,17.425,0.607633618,0.392366382,11.74362567,2021-12-17
META,2021-12-17,0.016602406,,-0.068649187,0.068649187,355,5.55,26.45,0.71653537,0.28346463,11.47441076,2022-01-21
META,2022-01-21,0.018102904,,-0.326343488,0.326343488,330,5.575,31.25,0.742147414,0.257852586,12.19536515,2022-02-18
META,2022-02-18,0.026370147,,0.053686883,-0.053686883,220,4.325,18.125,0.694546309,0.305453691,8.540260931,2022-03-18
META,2022-03-18,0.020379308,,,,220,6.75,10.575,0.551259588,0.448740412,8.466432077,2022-04-14
META,2022-04-15,-0.022313162,,-0.034071323,0.034071323,,,,,,,
META,2022-05-20,-0.026862003,,-0.167270124,0.167270124,195,9.15,10.575,0.497639226,0.502360774,9.865864103,2022-06-17
META,2022-06-17,-0.036832196,,-0.013335502,0.013335502,180,3.025,18.875,0.748855623,0.251144377,7.005638371,2022-07-15
META,2022-07-15,-0.045178471,,0.024074971,-0.024074971,165,12.55,12.6,0.462716204,0.537283796,12.57686419,2022-08-19
META,2022-08-19,-0.062630874,,-0.167251311,0.167251311,165,9.4,6.05,0.410185792,0.589814208,7.424122404,2022-09-16
META,2022-09-16,-0.069732157,,-0.313384682,0.313384682,140,12.675,5.725,0.352533122,0.647466878,8.175105196,2022-10-21
META,2022-10-21,-0.057960944,,0.267711313,-0.267711313,145,5.025,19.725,0.671054667,0.328945333,9.860496395,2022-11-18
META,2022-11-18,-0.068928086,,,,115,4.475,7.15,0.549782367,0.450217633,5.679332169,2022-12-16
MSFT,2019-01-18,0.026631535,,0.077381381,-0.077381381,110,2.21,4.425,0.594453149,0.405546851,3.108286275,2019-02-15
MSFT,2019-02-15,0.008926828,LS,0.052754999,-0.052754999,110,1.33,3.45,0.638726608,0.361273392,2.09589959,2019-03-15
MSFT,2019-03-15,0.012258144,,,,115,2.945,1.795,0.453905095,0.546094905,2.316990859,2019-04-18
MSFT,2019-04-19,0.021716455,,-0.049529414,0.049529414,,,,,,,
MSFT,2019-05-17,0.024271348,LS,0.083117547,-0.083117547,130,2.44,4.05,0.571308567,0.428691433,3.130193208,2019-06-21
MSFT,2019-06-21,0.028442858,LS,0.017243613,-0.017243613,140,1.845,4.55,0.636095534,0.363904466,2.829361579,2019-07-19
MSFT,2019-07-19,0.024151656,LS,0.015141573,-0.015141573,140,1.385,4.875,0.679290777,0.320709223,2.504275187,2019-08-16
MSFT,2019-08-16,0.024821158,LS,0.008489054,-0.008489054,140,2.2,5.75,0.639785149,0.360214851,3.478762722,2019-09-20
MSFT,2019-09-20,0.020657111,LS,0.031216325,-0.031216325,140,2.885,3.125,0.508990883,0.491009117,3.002842188,2019-10-18
MSFT,2019-10-18,0.020382812,LS,0.059466978,-0.059466978,140,2.695,5,0.589038564,0.410961436,3.642266111,2019-11-15
MSFT,2019-11-15,0.027163575,LS,0.041749327,-0.041749327,150,2.47,2.935,0.518235176,0.481764824,2.694020643,2019-12-20
MSFT,2019-12-20,0.02611527,,0.079453519,-0.079453519,160,1.41,3.575,0.654447583,0.345552417,2.158120983,2020-01-17
MSFT,2020-01-17,0.039161847,,-0.045695638,0.045695638,165,5.55,3.475,0.411331117,0.588668883,4.328512067,2020-02-21
MSFT,2020-02-21,0.04039752,,-0.026540626,0.026540626,175,7.9,4.2,0.38467107,0.61532893,5.623282959,2020-03-20
MSFT,2020-03-20,0.040585896,,0.136326954,-0.136326954,150,4.225,16.925,0.678624972,0.321375028,8.306462855,2020-04-17
MSFT,2020-04-17,0.031635838,,0.025352588,-0.025352588,190,3.35,15.225,0.702327385,0.297672615,6.884862308,2020-05-15
MSFT,2020-05-15,0.019464751,,0.110559931,-0.110559931,175,11.85,4.05,0.318764951,0.681235049,6.536366618,2020-06-19
MSFT,2020-06-19,0.036360784,,0.007369409,-0.007369409,195,7.2,6.6,0.478309259,0.521690741,6.886985555,2020-07-17
MSFT,2020-07-17,0.031109424,,0.102767548,-0.102767548,210,5.825,13.5,0.608011731,0.391988269,8.833509965,2020-08-21
MSFT,2020-08-21,0.039592726,,-0.06739746,0.06739746,205,11.65,3.625,0.306568825,0.693431175,6.085214821,2020-09-18
MSFT,2020-09-18,0.038886166,,-0.037371391,0.037371391,205,5.55,10.225,0.578706605,0.421293395,7.519546622,2020-10-16
MSFT,2020-10-16,0.047456938,,0.060098795,-0.060098795,235,3.7,19.425,0.725512382,0.274487618,8.016317787,2020-11-20
MSFT,2020-11-20,0.038492048,,0.039004601,-0.039004601,220,2.33,11.525,0.734364217,0.265635783,4.772521021,2020-12-18
MSFT,2020-12-18,0.02968856,,0.042891296,-0.042891296,230,2.385,13.55,0.746349518,0.253650482,5.217007629,2021-01-15
MSFT,2021-01-15,0.031356694,,0.004108522,-0.004108522,220,4.55,12.125,0.636399312,0.363600688,7.304275209,2021-02-19
MSFT,2021-02-19,0.027679519,,0.014589631,-0.014589631,250,2.755,11.775,0.706385315,0.293614685,5.403404461,2021-03-19
MSFT,2021-03-19,0.035732877,,0.069603615,-0.069603615,225,9.55,4.05,0.356325365,0.643674635,6.009789505,2021-04-16
MSFT,2021-04-16,0.038519163,,-0.007634247,0.007634247,270,3.55,13.15,0.685424259,0.314575741,6.569927111,2021-05-21
MSFT,2021-05-21,0.027452134,,0.08498849,-0.08498849,245,5.825,5.85,0.488264525,0.511735475,5.837793387,2021-06-18
MSFT,2021-06-18,0.031474954,,0.051715537,-0.051715537,265,3.1,8.15,0.654871672,0.345128328,4.842898054,2021-07-16
MSFT,2021-07-16,0.020730029,,0.061602685,-0.061602685,290,3.5,13.1,0.687785189,0.312214811,6.497262184,2021-08-20
MSFT,2021-08-20,0.027786309,,-0.066120417,0.066120417,315,2.41,13.025,0.739082237,0.260917763,5.179642052,2021-09-17
MSFT,2021-09-17,0.023145217,,0.176288889,-0.176288889,310,2.63,12.45,0.728148667,0.271851333,5.299580086,2021-10-15
MSFT,2021-10-15,0.034872503,,-0.00128505,0.00128505,315,2.875,14.025,0.725312951,0.274687049,5.937760595,2021-11-19
MSFT,2021-11-19,0.032258955,,0.017332014,-0.017332014,355,2.635,14.375,0.742725622,0.257274378,5.655401202,2021-12-17
MSFT,2021-12-17,0.042821691,,-0.075343284,0.075343284,325,10.4,10.675,0.499629058,0.500370942,10.53760201,2022-01-21
MSFT,2022-01-21,0.039158996,,-0.037208858,0.037208858,315,5.575,23.55,0.713309082,0.286690918,10.72826925,2022-02-18
MSFT,2022-02-18,0.036835424,,0.031862476,-0.031862476,290,9.1,11.15,0.514992118,0.485007882,10.09426616,2022-03-18
MSFT,2022-03-18,0.029612533,,,,300,8.425,8.225,0.48140395,0.51859605,8.32128079,2022-04-14
MSFT,2022-04-15,0.024903579,,-0.017971914,0.017971914,,,,,,,
MSFT,2022-05-20,0.021472567,,-0.055319982,0.055319982,265,4.25,16.7,0.688687465,0.311312535,8.125841058,2022-06-17
MSFT,2022-06-17,0.013087812,,0.093097514,-0.093097514,260,4.175,15.925,0.693654178,0.306345822,7.774563404,2022-07-15
MSFT,2022-07-15,0.003727776,,-0.066659842,0.066659842,265,6.475,15.025,0.609706556,0.390293444,9.812008945,2022-08-19
MSFT,2022-08-19,-0.006002726,,-0.109264445,0.109264445,290,5.825,8.8,0.562210241,0.437789759,7.127424533,2022-09-16
MSFT,2022-09-16,-0.00313956,,-0.003303717,0.003303717,260,3.725,18.075,0.724811315,0.275188685,7.673957628,2022-10-21
MSFT,2022-10-21,-0.003188599,,0.102218389,-0.102218389,245,9.05,11.875,0.520316827,0.479683173,10.40510496,2022-11-18
MSFT,2022-11-18,-0.029147993,,,,255,2.78,16.075,0.743676482,0.256323518,6.187821168,2022-12-16
MSTR,2019-01-18,0.000822343,,,,,,,,,,
MSTR,2019-02-15,-0.004955346,,,,,,,,,,
MSTR,2019-03-15,0.000868142,,,,,,,,,,
MSTR,2019-04-19,0.010618105,,-0.112155372,0.112155372,,,,,,,
MSTR,2019-05-17,0.013463211,,,,13.5,0.545,0.31,0.404499026,0.595500974,0.405057271,2019-06-21
MSTR,2019-06-21,0.015393124,,-0.045913323,0.045913323,,,,,,,
MSTR,2019-07-19,0.006474196,,0.047977716,-0.047977716,12.5,0.41,0.7,0.567540544,0.432459456,0.535413242,2019-08-16
MSTR,2019-08-16,0.011880147,,0.035455561,-0.035455561,14.5,0.1725,0.92,0.735140297,0.264859703,0.370482628,2019-09-20
MSTR,2019-09-20,-0.005460178,,,,15.5,0.215,0.82,0.684141034,0.315858966,0.406094674,2019-10-18
MSTR,2019-10-18,0.004014398,,,,,,,,,,
MSTR,2019-11-15,0.016708753,,-0.051222889,0.051222889,,,,,,,
MSTR,2019-12-20,0.017050395,,,,14.5,0.38,0.32,0.471048006,0.528951994,0.34826288,2020-01-17
MSTR,2020-01-17,0.016643804,SS,-0.110964983,0.110964983,,,,,,,
MSTR,2020-02-21,0.012599088,,,,15.5,0.1875,0.665,0.696112146,0.303887854,0.33260645,2020-03-20
MSTR,2020-03-20,0.008122964,SS,,,,,,,,,
MSTR,2020-04-17,-0.003731625,SS,-0.014643241,0.014643241,,,,,,,
MSTR,2020-05-15,-0.018641043,SS,-0.04972781,0.04972781,12,0.3225,0.745,0.617485314,0.382514686,0.484112455,2020-06-19
MSTR,2020-06-19,-0.002109965,SS,,,12.5,0.21,0.955,0.706561866,0.293438134,0.42861141,2020-07-17
MSTR,2020-07-17,-0.010554842,SS,,,,,,,,,
MSTR,2020-08-21,-0.010901614,SS,,,,,,,,,
MSTR,2020-09-18,-0.0109363,SS,0.109656842,-0.109656842,,,,,,,
MSTR,2020-10-16,0.000893991,SS,1.051659652,-1.051659652,16,1.47,0.955,0.401351965,0.598648035,1.161696262,2020-11-20
MSTR,2020-11-20,0.001755565,SS,0.133558361,-0.133558361,20,3.485,1.285,0.298270862,0.701729138,1.941195896,2020-12-18
MSTR,2020-12-18,0.013456475,SS,0.58875348,-0.58875348,35,1.61,6.695,0.660169905,0.339830095,3.338036033,2021-01-15
MSTR,2021-01-15,0.113718525,LS,0.215614544,-0.215614544,65,5.425,12.655,0.565962378,0.434037622,8.563092007,2021-02-19
MSTR,2021-02-19,0.119869053,LS,-0.095427253,0.095427253,130,6.85,40.39,0.685819947,0.314180053,17.38759898,2021-03-19
MSTR,2021-03-19,0.183479823,LS,-0.031879581,0.031879581,90,4.905,16.9,0.638920317,0.361079683,9.2361508,2021-04-16
MSTR,2021-04-16,0.214555768,LS,-0.284800673,0.284800673,75,5.85,11.525,0.547986612,0.452013388,8.415175976,2021-05-21
MSTR,2021-05-21,0.199545429,LS,0.413829678,-0.413829678,55,1.525,11.385,0.748675055,0.251324945,4.003063957,2021-06-18
MSTR,2021-06-18,0.197978489,LS,-0.057925337,0.057925337,69,4.095,8.965,0.574152493,0.425847507,6.168877358,2021-07-16
MSTR,2021-07-16,0.176608229,LS,0.109086836,-0.109086836,60,2.74,10.51,0.654841225,0.345158775,5.421883682,2021-08-20
MSTR,2021-08-20,0.209902185,LS,-0.166931108,0.166931108,80,3.415,11.86,0.645395325,0.354604675,6.409636478,2021-09-17
MSTR,2021-09-17,0.189582721,LS,,,70,1.77,10.17,0.729269565,0.270730435,4.044135651,2021-10-15
MSTR,2021-10-15,0.195647868,LS,0.008907572,-0.008907572,,,,,,,
MSTR,2021-11-19,0.170503509,LS,-0.245265655,0.245265655,80,3.575,11.295,0.645165034,0.354834966,6.314325939,2021-12-17
MSTR,2021-12-17,0.09637754,LS,-0.3241205,0.3241205,68,1.895,12.9,0.73666169,0.26333831,4.793038099,2022-01-21
MSTR,2022-01-21,0.085045651,LS,0.203772343,-0.203772343,42,2.275,6.37,0.623429972,0.376570028,3.817054263,2022-02-18
MSTR,2022-02-18,0.009225729,,0.097785461,-0.097785461,47,1.325,8.79,0.733641854,0.266358146,3.313363563,2022-03-18
MSTR,2022-03-18,-0.039841093,SS,,,50,1.805,6.345,0.659958828,0.340041172,3.348786923,2022-04-14
MSTR,2022-04-15,-0.01264113,,-0.252648003,0.252648003,,,,,,,
MSTR,2022-05-20,-0.000853399,,-0.379275177,0.379275177,28,0.98,8.875,0.745558174,0.254441826,2.988818215,2022-06-17
MSTR,2022-06-17,0.000334318,,0.741083021,-0.741083021,20,1.62,5.13,0.587885304,0.412114696,3.066522584,2022-07-15
MSTR,2022-07-15,-0.060254562,,-0.19051762,0.19051762,26,1.095,5.91,0.694332262,0.305667738,2.56679016,2022-08-19
MSTR,2022-08-19,-0.089468184,SS,-0.083348633,0.083348633,35,1.06,7.89,0.740622783,0.259377217,2.831546394,2022-09-16
MSTR,2022-09-16,-0.032013985,,0.260296561,-0.260296561,25,1.115,5.595,0.681562241,0.318437759,2.541601161,2022-10-21
MSTR,2022-10-21,-0.034158214,,-0.259503965,0.259503965,27,0.89,4.94,0.705962981,0.294037019,2.080849928,2022-11-18
MSTR,2022-11-18,-0.063214817,,,,19,1.215,3.815,0.602603961,0.397396039,2.248229702,2022-12-16
NFLX,2019-01-18,0.047288706,LS,0.054785538,-0.054785538,365,5.6,31.075,0.732779414,0.267220586,12.40744443,2019-02-15
NFLX,2019-02-15,0.004320061,,-0.004300628,0.004300628,380,5.05,27.95,0.73458111,0.26541889,11.12809259,2019-03-15
NFLX,2019-03-15,0.021630429,LS,,,350,26.2,13.875,0.374987885,0.625012115,18.49672568,2019-04-18
NFLX,2019-04-19,0.025372377,LS,-0.073567238,0.073567238,,,,,,,
NFLX,2019-05-17,0.019714915,,0.070029905,-0.070029905,355,13.625,13.075,0.479085637,0.520914363,13.3384971,2019-06-21
NFLX,2019-06-21,0.011891715,,-0.120685907,0.120685907,390,9.1,29.575,0.659020674,0.340979326,16.08155169,2019-07-19
NFLX,2019-07-19,-0.005094858,,-0.090529221,0.090529221,330,4.55,19.125,0.701313029,0.298686971,8.903362597,2019-08-16
NFLX,2019-08-16,0.0138084,,-0.088956264,0.088956264,320,5.9,21.825,0.689687532,0.310312468,10.84172605,2019-09-20
NFLX,2019-09-20,-0.005307228,,0.073948833,-0.073948833,290,7.7,26.75,0.664091382,0.335908618,14.09905917,2019-10-18
NFLX,2019-10-18,-0.015131946,SS,0.09481237,-0.09481237,290,4.65,18.85,0.69696232,0.30303768,8.953135061,2019-11-15
NFLX,2019-11-15,-0.005638591,SS,0.0283144,-0.0283144,300,8.625,13,0.549603956,0.450396044,10.59548269,2019-12-20
NFLX,2019-12-20,0.00579851,,0.066507512,-0.066507512,355,4,21.55,0.736895893,0.263104107,8.61747707,2020-01-17
NFLX,2020-01-17,0.02028598,,0.069372828,-0.069372828,365,7.1,31.925,0.7040382,0.2959618,14.44725167,2020-02-21
NFLX,2020-02-21,-0.001539927,SS,0.017533715,-0.017533715,400,6.075,25.825,0.70100029,0.29899971,11.98024427,2020-03-20
NFLX,2020-03-20,-0.000474293,SS,0.118108363,-0.118108363,370,9.325,45.8,0.710436316,0.289563684,19.88683537,2020-04-17
NFLX,2020-04-17,0.006223294,,-0.000286976,0.000286976,440,24.525,43.2,0.549534254,0.450465746,32.93744781,2020-05-15
NFLX,2020-05-15,0.004252812,,0.084124214,-0.084124214,500,8.55,54.05,0.746682681,0.253317319,20.07593803,2020-06-19
NFLX,2020-06-19,0.021677867,,0.074368994,-0.074368994,485,15.25,46.2,0.643789004,0.356210996,26.27473033,2020-07-17
NFLX,2020-07-17,0.015285423,,0.08321207,-0.08321207,510,19.85,37.925,0.573224038,0.426775962,27.56397552,2020-08-21
NFLX,2020-08-21,0.033904525,,-0.05576258,0.05576258,520,9.4,37.025,0.689617219,0.310382781,17.97432433,2020-09-18
NFLX,2020-09-18,0.048895272,,-0.048577462,0.048577462,500,12.075,41.675,0.668378458,0.331621542,21.89099766,2020-10-16
NFLX,2020-10-16,0.064546938,,0.031444536,-0.031444536,570,23.125,61.7,0.619945718,0.380054282,37.78559393,2020-11-20
NFLX,2020-11-20,0.052754992,,0.101958454,-0.101958454,510,11.25,32.8,0.646966797,0.353033203,18.85786552,2020-12-18
NFLX,2020-12-18,0.039719552,,-0.015424461,0.015424461,575,8.225,48.725,0.743319053,0.256680947,18.62057836,2021-01-15
NFLX,2021-01-15,0.04000411,,0.012133232,-0.012133232,550,10.825,62.325,0.734022422,0.265977578,24.52284528,2021-02-19
NFLX,2021-02-19,0.043226923,,-0.031900567,0.031900567,570,8.875,37.925,0.706468968,0.293531032,17.40207647,2021-03-19
NFLX,2021-03-19,0.035518079,,-0.015700021,0.015700021,540,7.65,34.925,0.715212296,0.284787704,15.41758463,2021-04-16
NFLX,2021-04-16,0.035027126,SS,-0.020760075,0.020760075,575,14.3,42.975,0.646506314,0.353493686,24.43643144,2021-05-21
NFLX,2021-05-21,0.02138995,SS,0.050516798,-0.050516798,520,5.975,27.8,0.718947731,0.281052269,12.10896577,2021-06-18
NFLX,2021-06-18,0.019988765,SS,-0.020143533,0.020143533,520,6.525,24.85,0.699158817,0.300841183,12.03791468,2021-07-16
NFLX,2021-07-16,0.010453829,SS,0.099734711,-0.099734711,540,19.125,28.85,0.543479087,0.456520913,23.56466588,2021-08-20
NFLX,2021-08-20,0.008285448,SS,0.072296153,-0.072296153,570,6.3,28.85,0.719978807,0.280021193,12.6144779,2021-09-17
NFLX,2021-09-17,-0.001110516,SS,0.131025913,-0.131025913,590,16.15,16.225,0.496439993,0.503560007,16.187767,2021-10-15
NFLX,2021-10-15,0.013025601,,-0.070127557,0.070127557,660,12.1,44.35,0.67908181,0.32091819,22.44961163,2021-11-19
NFLX,2021-11-19,0.024014112,,-0.061473264,0.061473264,720,8.2,49.15,0.74786849,0.25213151,18.52478535,2021-12-17
NFLX,2021-12-17,0.033066964,,-0.290983072,0.290983072,620,14.925,46.65,0.660112879,0.339887121,25.7079189,2022-01-21
NFLX,2022-01-21,0.017422781,,-0.076370817,0.076370817,435,8.05,45.9,0.731834626,0.268165374,18.20005941,2022-02-18
NFLX,2022-02-18,0.013236526,,-0.050519174,0.050519174,405,12.825,26.7,0.591599143,0.408400857,18.4915619,2022-03-18
NFLX,2022-03-18,-0.014319501,,,,400,7.85,27.1,0.670659251,0.329340749,14.18980942,2022-04-14
NFLX,2022-04-15,-0.018362251,,0.037194155,-0.037194155,,,,,,,
NFLX,2022-05-20,-0.021527629,,-0.114312465,0.114312465,190,10.625,14.15,0.512900662,0.487099338,12.34202517,2022-06-17
NFLX,2022-06-17,-0.064351041,SS,0.286098279,-0.286098279,195,4.025,23.2,0.733052701,0.266947299,9.143714465,2022-07-15
NFLX,2022-07-15,-0.06556219,,-0.005957526,0.005957526,220,6.525,37.45,0.716270601,0.283729399,15.29933168,2022-08-19
NFLX,2022-08-19,-0.074123002,,0.053140127,-0.053140127,240,12.425,10.7,0.454590301,0.545409699,11.48416827,2022-09-16
NFLX,2022-09-16,-0.05718086,,0.239722144,-0.239722144,275,8.5,42.75,0.70319187,0.29680813,18.66567844,2022-10-21
NFLX,2022-10-21,-0.064294831,,0.046763707,-0.046763707,315,8.1,33.025,0.68501406,0.31498594,15.95102456,2022-11-18
NFLX,2022-11-18,-0.071375357,,,,305,8.375,24.55,0.643625148,0.356374852,14.13936324,2022-12-16
NVDA,2019-01-18,-0.004286998,,0.074225297,-0.074225297,4.25,0.100625,0.419375,0.69089728,0.30910272,0.199151492,2019-02-15
NVDA,2019-02-15,-0.045507056,SS,0.164010511,-0.164010511,4,0.138125,0.200625,0.539482001,0.460517999,0.166907375,2019-03-15
NVDA,2019-03-15,-0.037176846,SS,,,4.5,0.090625,0.330625,0.682284954,0.317715046,0.166876611,2019-04-18
NVDA,2019-04-19,-0.0265185,SS,-0.250741603,0.250741603,,,,,,,
NVDA,2019-05-17,-0.008982429,SS,0.212384865,-0.212384865,4.125,0.09625,0.314375,0.658792899,0.341207101,0.170675799,2019-06-21
NVDA,2019-06-21,-0.019346728,SS,0.027337594,-0.027337594,3.875,0.11875,0.1925,0.557859024,0.442140976,0.151357897,2019-07-19
NVDA,2019-07-19,-0.036629786,SS,-0.006187415,0.006187415,4.375,0.13,0.281875,0.603433814,0.396566186,0.190228489,2019-08-16
NVDA,2019-08-16,-0.020376683,SS,0.039162775,-0.039162775,4.125,0.12,0.24,0.599774983,0.400225017,0.168027002,2019-09-20
NVDA,2019-09-20,-0.031246668,SS,0.154821687,-0.154821687,4.375,0.1425,0.179375,0.533214262,0.466785738,0.159712724,2019-10-18
NVDA,2019-10-18,-0.031919354,SS,0.078992012,-0.078992012,4.875,0.1775,0.279375,0.552092241,0.447907759,0.223130603,2019-11-15
NVDA,2019-11-15,-0.005652954,SS,0.085630454,-0.085630454,5.125,0.1925,0.206875,0.493776506,0.506223494,0.199776963,2019-12-20
NVDA,2019-12-20,0.028788896,,0.004803874,-0.004803874,6,0.1825,0.190625,0.491816028,0.508183972,0.186628995,2020-01-17
NVDA,2020-01-17,0.052618608,LS,0.143005715,-0.143005715,6.25,0.26625,0.276875,0.484684272,0.515315728,0.27172523,2020-02-21
NVDA,2020-02-21,0.053423082,LS,-0.023959454,0.023959454,7.625,0.228125,0.504375,0.601166768,0.398833232,0.33830268,2020-03-20
NVDA,2020-03-20,0.047112044,,0.108802126,-0.108802126,5.875,0.20125,0.915625,0.692150762,0.307849238,0.421169799,2020-04-17
NVDA,2020-04-17,0.045202517,LS,0.214658027,-0.214658027,7.625,0.295625,0.635625,0.592409302,0.407590698,0.434205837,2020-05-15
NVDA,2020-05-15,0.0422955,LS,0.07060083,-0.07060083,9.625,0.205,1.338125,0.74392367,0.25607633,0.495166491,2020-06-19
NVDA,2020-06-19,0.074981294,LS,0.117608591,-0.117608591,9,0.605,0.3275,0.384642211,0.615357789,0.434238214,2020-07-17
NVDA,2020-07-17,0.075187945,LS,0.259988173,-0.259988173,10.75,0.398125,0.93375,0.606616518,0.393383482,0.608831027,2020-08-21
NVDA,2020-08-21,0.079120966,LS,0.011958993,-0.011958993,12.5,0.70875,0.519375,0.42894621,0.57105379,0.600606688,2020-09-18
NVDA,2020-09-18,0.090375149,,-0.073647986,0.073647986,12.5,0.57375,0.901875,0.539445362,0.460554638,0.724869491,2020-10-16
NVDA,2020-10-16,0.110450185,,0.069210924,-0.069210924,15.5,0.338125,2.01,0.734726907,0.265273093,0.781628452,2020-11-20
NVDA,2020-11-20,0.097462667,LS,-0.025563604,0.025563604,14,0.28125,1.161875,0.700666226,0.299333774,0.544850804,2020-12-18
NVDA,2020-12-18,0.083586304,LS,-0.004999247,0.004999247,14.25,0.216875,1.24375,0.732886511,0.267113489,0.491167164,2021-01-15
NVDA,2021-01-15,0.082093619,,0.055792853,-0.055792853,13.875,0.268125,1.261875,0.713711939,0.286288061,0.552623761,2021-02-19
NVDA,2021-02-19,0.079332939,,-0.026394504,0.026394504,15,0.7525,0.83375,0.490069379,0.509930621,0.793931863,2021-03-19
NVDA,2021-03-19,0.065877943,,0.124458308,-0.124458308,12.5,0.745,0.401875,0.380849054,0.619150946,0.532553832,2021-04-16
NVDA,2021-04-16,0.073128153,,0.082282677,-0.082282677,15.875,0.716875,0.66375,0.469281238,0.530718762,0.688680566,2021-05-21
NVDA,2021-05-21,0.06083755,,0.231623012,-0.231623012,15.5,0.4775,0.9825,0.592051981,0.407948019,0.683513749,2021-06-18
NVDA,2021-06-18,0.052637576,,-0.025169105,0.025169105,20,0.29625,1.631875,0.737132726,0.262867274,0.647342103,2021-07-16
NVDA,2021-07-16,0.053699562,,0.14821206,-0.14821206,20,0.349375,2.184375,0.74407654,0.25592346,0.81899455,2021-08-20
NVDA,2021-08-20,0.064064509,,-0.074559362,0.074559362,22.375,0.298,1.8425,0.750492358,0.249507642,0.683364553,2021-09-17
NVDA,2021-09-17,0.03814112,,0.234166853,-0.234166853,22,0.7475,0.85,0.501989789,0.498010211,0.798546047,2021-10-15
NVDA,2021-10-15,0.050527763,,0.278053142,-0.278053142,22,0.8375,0.975,0.503749127,0.496250873,0.905734495,2021-11-19
NVDA,2021-11-19,0.05044491,,-0.099807183,0.099807183,35,0.925,2.9275,0.653859094,0.346140906,1.618147165,2021-12-17
NVDA,2021-12-17,0.065440904,,-0.16745401,0.16745401,28.75,1.6575,2.4625,0.537276748,0.462723252,2.029992217,2022-01-21
NVDA,2022-01-21,0.093042426,LS,-0.004125263,0.004125263,25.5,0.79,2.765,0.674839258,0.325160742,1.432192466,2022-02-18
NVDA,2022-02-18,0.084423523,LS,0.11915041,-0.11915041,25,0.96,2.3075,0.606653417,0.393346583,1.490034521,2022-03-18
NVDA,2022-03-18,0.064128354,LS,,,26.5,1.335,1.455,0.486348189,0.513651811,1.396638217,2022-04-14
NVDA,2022-04-15,0.06615283,LS,0.006740481,-0.006740481,,,,,,,
NVDA,2022-05-20,0.065670294,LS,-0.187967845,0.187967845,18.5,0.65,2.43,0.666677624,0.333322376,1.243313829,2022-06-17
NVDA,2022-06-17,0.029074367,LS,0.198164896,-0.198164896,15.5,1.265,0.855,0.40789375,0.59210625,1.022236437,2022-07-15
NVDA,2022-07-15,0.008630501,,-0.168971174,0.168971174,17.5,0.3625,2.0825,0.730329658,0.269670342,0.826332988,2022-08-19
NVDA,2022-08-19,-0.006169384,,-0.195537936,0.195537936,19,0.5525,1.655,0.64645337,0.35354663,0.942285159,2022-09-16
NVDA,2022-09-16,-0.001628218,,0.111869904,-0.111869904,13.5,0.795,1.0475,0.512755082,0.487244918,0.918029342,2022-10-21
NVDA,2022-10-21,-0.01021111,,0.254128415,-0.254128415,13,0.6775,1.185,0.553140876,0.446859124,0.904281006,2022-11-18
NVDA,2022-11-18,-0.049275181,,,,14.5,1.46,0.5175,0.312960783,0.687039217,0.812465538,2022-12-16
PLTR,2021-07-16,0.218032369,LS,0.213265999,-0.213265999,23,0.795,2.415,0.640597082,0.359402918,1.377232727,2021-08-20
PLTR,2021-08-20,0.210315934,LS,-0.087319041,0.087319041,25,0.815,1.82,0.60056808,0.39943192,1.21642908,2021-09-17
PLTR,2021-09-17,0.171643872,LS,0.076538218,-0.076538218,30,1.015,2.24,0.604562039,0.395437961,1.499411502,2021-10-15
PLTR,2021-10-15,0.175427702,LS,-0.202088368,0.202088368,24,1.565,1.58,0.468152347,0.531847653,1.572977715,2021-11-19
PLTR,2021-11-19,0.161460769,LS,-0.118158918,0.118158918,23,0.545,2.17,0.683736092,0.316263908,1.05892885,2021-12-17
PLTR,2021-12-17,0.016036185,,-0.247116722,0.247116722,19,1.27,1.17,0.45902786,0.54097214,1.215902786,2022-01-21
PLTR,2022-01-21,0.009602438,,-0.135667317,0.135667317,15,0.645,2.1,0.641216872,0.358783128,1.167029451,2022-02-18
PLTR,2022-02-18,-0.046034404,SS,0.158646289,-0.158646289,11,1.025,1.015,0.451979426,0.548020574,1.019519794,2022-03-18
PLTR,2022-03-18,-0.039350822,SS,,,13,0.815,0.98,0.496563237,0.503436763,0.898067066,2022-04-14
PLTR,2022-04-15,-0.04936404,SS,-0.165383437,0.165383437,,,,,,,
PLTR,2022-05-20,-0.033965855,SS,0.044929249,-0.044929249,9,0.345,1.24,0.660815818,0.339184182,0.648569843,2022-06-17
PLTR,2022-06-17,-0.055659616,,0.141127292,-0.141127292,9,0.335,1.075,0.647268033,0.352731967,0.596021656,2022-07-15
PLTR,2022-07-15,-0.084202152,SS,-0.254107453,0.254107453,9,0.895,0.855,0.443587105,0.556412895,0.872743484,2022-08-19
PLTR,2022-08-19,-0.064080885,,0.053109987,-0.053109987,9,0.365,0.825,0.600482459,0.399517541,0.548778069,2022-09-16
PLTR,2022-09-16,-0.070638949,SS,0.081181157,-0.081181157,9,0.205,1.4,0.747179994,0.252820006,0.507119908,2022-10-21
PLTR,2022-10-21,-0.085801532,SS,-0.146758401,0.146758401,9,0.425,1.105,0.612104431,0.387895569,0.688768987,2022-11-18
PLTR,2022-11-18,-0.087931371,SS,,,7,0.715,0.305,0.337114114,0.662885886,0.443216787,2022-12-16
RIVN,2022-08-19,-0.134989729,SS,0.006116036,-0.006116036,35,2.31,2.825,0.495359391,0.504640609,2.569889914,2022-09-16
RIVN,2022-09-16,-0.083040091,SS,0.062594489,-0.062594489,45,1.39,6.95,0.708761129,0.291238871,3.009288123,2022-10-21
RIVN,2022-10-21,-0.079371641,SS,-0.08378702,0.08378702,32.5,2.915,3.425,0.476674448,0.523325552,3.181896032,2022-11-18
RIVN,2022-11-18,-0.071600034,,,,35,0.815,5.475,0.741918572,0.258081428,2.017659457,2022-12-16
SOFI,2021-09-17,0.100611965,,0.265114307,-0.265114307,15,1.005,0.895,0.453330241,0.546669759,0.944866327,2021-10-15
SOFI,2021-10-15,0.080365566,,-0.143852829,0.143852829,22.5,0.61,3.75,0.727910199,0.272089801,1.464361975,2021-11-19
SOFI,2021-11-19,0.084317767,,-0.080815008,0.080815008,22.5,0.87,3.075,0.651636669,0.348363331,1.638141144,2021-12-17
SOFI,2021-12-17,0.100753816,LS,-0.210628815,0.210628815,15,1.39,1.725,0.482620219,0.517379781,1.563322227,2022-01-21
SOFI,2022-01-21,0.070673847,,-0.082531352,0.082531352,15,1.13,2.22,0.552128871,0.447871129,1.61817953,2022-02-18
SOFI,2022-02-18,-0.029481656,SS,-0.174672137,0.174672137,12.5,0.94,2.08,0.564376,0.435624,1.43661136,2022-03-18
SOFI,2022-03-18,-0.024365761,,,,10,0.76,0.92,0.486162173,0.513837827,0.842214052,2022-04-14
SOFI,2022-04-15,-0.025554454,,0.222225654,-0.222225654,,,,,,,
SOFI,2022-05-20,-0.040638543,SS,-0.29545579,0.29545579,9,0.285,1.82,0.724885186,0.275114814,0.707301239,2022-06-17
SOFI,2022-06-17,-0.089517849,SS,0.197343755,-0.197343755,6,0.385,0.69,0.547353124,0.452646876,0.523057297,2022-07-15
SOFI,2022-07-15,-0.064894042,,-0.061806446,0.061806446,6,0.775,0.515,0.383364464,0.616635536,0.614674761,2022-08-19
SOFI,2022-08-19,-0.074064956,,-0.17567472,0.17567472,7,0.265,0.925,0.654365452,0.345634548,0.493118802,2022-09-16
SOFI,2022-09-16,-0.048705922,,0.114755913,-0.114755913,6,0.575,0.525,0.439647787,0.560352213,0.546982389,2022-10-21
SOFI,2022-10-21,-0.065223559,,-0.112133978,0.112133978,5,0.635,0.485,0.403466666,0.596533334,0.54552,2022-11-18
SOFI,2022-11-18,-0.105295289,SS,,,5,0.505,0.295,0.385032978,0.614967022,0.375856925,2022-12-16
TSLA,2019-01-18,0.021044022,,0.041884993,-0.041884993,23,0.545,3.371666667,0.73419521,0.26580479,1.29634154,2019-02-15
TSLA,2019-02-15,0.00391414,,-0.125109207,0.125109207,20.66666667,0.946666667,1.068333333,0.494825495,0.505174505,1.008129565,2019-03-15
TSLA,2019-03-15,-0.000241683,,,,19.33333333,0.76,1.711666667,0.596410331,0.403589669,1.144082835,2019-04-18
TSLA,2019-04-19,0.023952058,LS,-0.224265606,0.224265606,,,,,,,
TSLA,2019-05-17,0.003092323,,0.206847357,-0.206847357,14,1.01,0.896666667,0.449843581,0.550156419,0.947648939,2019-06-21
TSLA,2019-06-21,-0.007444989,SS,0.081223456,-0.081223456,14.33333333,1.221666667,0.761666667,0.392774074,0.607225926,0.942342741,2019-07-19
TSLA,2019-07-19,-0.046421404,SS,-0.066222106,0.066222106,19,0.351666667,2.111666667,0.738361314,0.261638686,0.812150755,2019-08-16
TSLA,2019-08-16,-0.015738992,SS,0.067637524,-0.067637524,15.33333333,0.508333333,1.168333333,0.604307629,0.395692371,0.769490298,2019-09-20
TSLA,2019-09-20,-0.009428313,SS,0.307426295,-0.307426295,16.66666667,0.496666667,1.113333333,0.603625411,0.396374589,0.741097663,2019-10-18
TSLA,2019-10-18,-0.004331107,,0.047693495,-0.047693495,18,0.63,1.466666667,0.606316734,0.393683266,0.959381666,2019-11-15
TSLA,2019-11-15,-0.023092096,SS,0.267898074,-0.267898074,24.66666667,0.63,1.801666667,0.640239586,0.359760414,1.051519286,2019-12-20
TSLA,2019-12-20,0.001309118,SS,0.555159021,-0.555159021,27.33333333,1.18,1.445,0.508609524,0.491390476,1.310218476,2020-01-17
TSLA,2020-01-17,0.010230955,SS,0.026776606,-0.026776606,33.66666667,2.781666667,2.403333333,0.438694967,0.561305033,2.569306263,2020-02-21
TSLA,2020-02-21,0.041627575,,-0.21555755,0.21555755,71.33333333,2.156666667,13.33333333,0.725432003,0.274567997,5.225421645,2020-03-20
TSLA,2020-03-20,0.08828885,LS,0.492136222,-0.492136222,35.66666667,1.476666667,8.585,0.703476591,0.296523409,3.584453902,2020-04-17
TSLA,2020-04-17,0.102096652,LS,0.067940336,-0.067940336,64,1.923333333,15.65166667,0.749216756,0.250783244,5.366169304,2020-05-15
TSLA,2020-05-15,0.095874233,LS,0.293185264,-0.293185264,56.66666667,2.963333333,6.325,0.579789695,0.420210305,4.375940309,2020-06-19
TSLA,2020-06-19,0.161001672,LS,0.325012512,-0.325012512,66.66666667,4.653333333,4.62,0.46406067,0.53593933,4.635468689,2020-07-17
TSLA,2020-07-17,0.148373761,LS,0.7414515,-0.7414515,132,4.643333333,36.495,0.738260226,0.261739774,12.98018136,2020-08-21
TSLA,2020-08-21,0.167643017,LS,-0.139087031,0.139087031,160,4.565,27.71833333,0.727329557,0.272670443,10.87822965,2020-09-18
TSLA,2020-09-18,0.2032098,LS,-0.095499132,0.095499132,200,7.2,59.60833333,0.740303415,0.259696585,20.81026518,2020-10-16
TSLA,2020-10-16,0.264465616,LS,0.46273494,-0.46273494,166.6666667,7.091666667,27.09166667,0.659668417,0.340331583,13.89829833,2020-11-20
TSLA,2020-11-20,0.223873495,LS,0.243253394,-0.243253394,173.3333333,9.183333333,19.225,0.576925267,0.423074733,13.43170877,2020-12-18
TSLA,2020-12-18,0.210855984,LS,0.124507639,-0.124507639,233.3333333,11.75833333,26.58333333,0.555629626,0.444370374,18.34612413,2021-01-15
TSLA,2021-01-15,0.228568426,LS,-0.148740673,0.148740673,333.3333333,9.65,67.425,0.738925761,0.261074239,24.73356415,2021-02-19
TSLA,2021-02-19,0.200213369,LS,-0.011208172,0.011208172,236.6666667,31.09166667,7.458333333,0.25769923,0.74230077,13.54862513,2021-03-19
TSLA,2021-03-19,0.209098009,LS,0.062146633,-0.062146633,233.3333333,10.6,25.34166667,0.602080285,0.397919715,16.46599981,2021-04-16
TSLA,2021-04-16,0.21517227,LS,-0.118713355,0.118713355,221.6666667,33.79166667,8.883333333,0.264516368,0.735483632,15.47199519,2021-05-21
TSLA,2021-05-21,0.169413689,LS,0.087136165,-0.087136165,210,4.825,21.23333333,0.697124464,0.302875536,9.794682755,2021-06-18
TSLA,2021-06-18,0.168886988,LS,0.011035013,-0.011035013,228.3333333,3.816666667,24,0.749805456,0.250194544,8.86642654,2021-07-16
TSLA,2021-07-16,0.13144166,,0.070604768,-0.070604768,233.3333333,6.525,24.725,0.677863964,0.322136036,12.38787585,2021-08-20
TSLA,2021-08-20,0.109816537,,0.054044187,-0.054044187,243.3333333,4.183333333,20.775,0.718065494,0.281934506,8.861096685,2021-09-17
TSLA,2021-09-17,0.043415038,,0.436525434,-0.436525434,241.6666667,17.95833333,6.333333333,0.320430708,0.679569292,10.05834032,2021-10-15
TSLA,2021-10-15,0.062477929,,0.027612356,-0.027612356,281.6666667,11.93333333,12.625,0.487292089,0.512707911,12.2879563,2021-11-19
TSLA,2021-11-19,0.076072776,,-0.076854729,0.076854729,423.3333333,11.7,56.03333333,0.701460933,0.298539067,24.93523197,2021-12-17
TSLA,2021-12-17,0.073690094,,-0.113608136,0.113608136,340,12.43333333,40.15,0.653793934,0.346206066,22.02901147,2022-01-21
TSLA,2022-01-21,0.054086363,,-0.070767232,0.070767232,338.3333333,17.08333333,39.63333333,0.59752621,0.40247379,26.1591173,2022-02-18
TSLA,2022-02-18,0.035780694,,0.238008221,-0.238008221,316.6666667,7.091666667,38.16666667,0.721272491,0.278727509,15.75312399,2022-03-18
TSLA,2022-03-18,0.038974561,LS,,,325,8.708333333,31.55,0.671665045,0.328334955,16.20805094,2022-04-14
TSLA,2022-04-15,0.033560101,,-0.12919934,0.12919934,,,,,,,
TSLA,2022-05-20,0.049547518,LS,-0.111889877,0.111889877,250,7.966666667,36.53333333,0.691576154,0.308423846,16.77730788,2022-06-17
TSLA,2022-06-17,0.042890147,LS,0.323764749,-0.323764749,250,5.7,38.6,0.746020965,0.253979035,14.05591024,2022-07-15
TSLA,2022-07-15,0.023223283,LS,-0.072488493,0.072488493,270,7.875,37.75,0.697525042,0.302474958,16.91143938,2022-08-19
TSLA,2022-08-19,0.012048293,LS,-0.037590619,0.037590619,316.6666667,8.683333333,28.10833333,0.655443961,0.344556039,15.37633439,2022-09-16
TSLA,2022-09-16,0.035062837,LS,-0.142170408,0.142170408,325,11.875,32.65,0.626460865,0.373539135,19.63527552,2022-10-21
TSLA,2022-10-21,0.023559866,LS,-0.144327117,0.144327117,220,11.925,16.9,0.523827246,0.476172754,14.29395945,2022-11-18
TSLA,2022-11-18,-0.019541593,LS,,,180,12.825,12.175,0.457517567,0.542482433,12.47238642,2022-12-16