ticker,date,MOM,date_tuple,date_dt,signal,LS_Return,SS_Return,adjStrikePrice,callPrice,putPrice,weightCall,weightPut,entry,expirationDate
AMD,2019-01-18,0.096961513,"(2019, 1)",2019-01-01 00:00:00,LS,-0.036050653,0.036050653,21,1.59,1.83,0.480817402,0.519182598,1.714603823,2019-02-15
AMZN,2019-01-18,0.039491061,"(2019, 1)",2019-01-01 00:00:00,LS,-0.045904764,0.045904764,87.5,2.28625,4.98625,0.60028017,0.39971983,3.36549354,2019-02-15
NVDA,2019-01-18,-0.004286998,"(2019, 1)",2019-01-01 00:00:00,SS,0.074225297,-0.074225297,4.25,0.100625,0.419375,0.69089728,0.30910272,0.199151492,2019-02-15
AVGO,2019-01-18,-0.002924415,"(2019, 1)",2019-01-01 00:00:00,SS,0.026506143,-0.026506143,27,0.37,1.29,0.677758936,0.322241064,0.666461779,2019-02-15
META,2019-01-18,-0.017678133,"(2019, 1)",2019-01-01 00:00:00,SS,-0.031431604,0.031431604,160,2.705,12.45,0.709567233,0.290432767,5.535267311,2019-02-15
NFLX,2019-01-18,0.047288706,"(2019, 1)",2019-01-01 00:00:00,LS,0.054785538,-0.054785538,365,5.6,31.075,0.732779414,0.267220586,12.40744443,2019-02-15
AMD,2019-02-15,0.054242519,"(2019, 2)",2019-02-01 00:00:00,LS,0.084572584,-0.084572584,24,1.175,1.45,0.506595363,0.493404637,1.310686275,2019-03-15
AVGO,2019-02-15,0.00770801,"(2019, 2)",2019-02-01 00:00:00,LS,0.102005927,-0.102005927,29,0.64,1.43,0.628726751,0.371273249,0.933305867,2019-03-15
BABA,2019-02-15,-0.03204144,"(2019, 2)",2019-02-01 00:00:00,SS,-0.003172468,0.003172468,170,3.1,7.025,0.614209121,0.385790879,4.614229199,2019-03-15
META,2019-02-15,-0.029206411,"(2019, 2)",2019-02-01 00:00:00,SS,0.032455484,-0.032455484,170,1.695,9,0.73480002,0.26519998,3.632285854,2019-03-15
MSFT,2019-02-15,0.008926828,"(2019, 2)",2019-02-01 00:00:00,LS,0.052754999,-0.052754999,110,1.33,3.45,0.638726608,0.361273392,2.09589959,2019-03-15
NVDA,2019-02-15,-0.045507056,"(2019, 2)",2019-02-01 00:00:00,SS,0.164010511,-0.164010511,4,0.138125,0.200625,0.539482001,0.460517999,0.166907375,2019-03-15
AMD,2019-03-15,0.094329231,"(2019, 3)",2019-03-01 00:00:00,LS,0.082679529,-0.082679529,24,0.935,1.595,0.558957826,0.441042174,1.226087835,2019-04-18
AMZN,2019-03-15,0.016754613,"(2019, 3)",2019-03-01 00:00:00,LS,0.081860076,-0.081860076,89.5,0.84125,4.7275,0.739263184,0.260736816,1.854538453,2019-04-18
BABA,2019-03-15,-0.003125986,"(2019, 3)",2019-03-01 00:00:00,SS,0.017100043,-0.017100043,185,3.25,7.175,0.6112378,0.3887622,4.775891634,2019-04-18
INTC,2019-03-15,-0.001233653,"(2019, 3)",2019-03-01 00:00:00,SS,-0.049534124,0.049534124,55,1.03,1.475,0.561248877,0.438751123,1.22524425,2019-04-18
NFLX,2019-03-15,0.021630429,"(2019, 3)",2019-03-01 00:00:00,LS,0.039209013,-0.039209013,350,26.2,13.875,0.374987885,0.625012115,18.49672568,2019-04-18
NVDA,2019-03-15,-0.037176846,"(2019, 3)",2019-03-01 00:00:00,SS,0.008017725,-0.008017725,4.5,0.090625,0.330625,0.682284954,0.317715046,0.166876611,2019-04-18
AMD,2019-04-18,0.106516301,"(2019, 4)",2019-04-01 00:00:00,LS,-0.007960897,0.007960897,28,1.795,2.07,0.488215761,0.511784239,1.935740666,2019-05-17
BABA,2019-04-18,0.005989298,"(2019, 4)",2019-04-01 00:00:00,SS,-0.195667845,0.195667845,190,5.575,8.025,0.546928519,0.453071481,6.685025128,2019-05-17
INTC,2019-04-18,0.005532522,"(2019, 4)",2019-04-01 00:00:00,SS,-0.131842987,0.131842987,57.5,2.31,1.46,0.407994007,0.592005993,1.806794906,2019-05-17
NFLX,2019-04-18,0.025372377,"(2019, 4)",2019-04-01 00:00:00,LS,-0.073567238,0.073567238,360,11.95,11.2,0.47389439,0.52610561,11.55542079,2019-05-17
NVDA,2019-04-18,-0.0265185,"(2019, 4)",2019-04-01 00:00:00,SS,-0.250741603,0.250741603,5,0.08875,0.426875,0.714182545,0.285817455,0.185392027,2019-05-17
TSLA,2019-04-18,0.023952058,"(2019, 4)",2019-04-01 00:00:00,LS,-0.224265606,0.224265606,19.66666667,0.58,2.021666667,0.661242297,0.338757703,1.068375689,2019-05-17
AMD,2019-05-17,0.106696478,"(2019, 5)",2019-05-01 00:00:00,LS,0.107988843,-0.107988843,29,1.035,2.495,0.608355663,0.391644337,1.606800732,2019-06-21
AVGO,2019-05-17,0.030733199,"(2019, 5)",2019-05-01 00:00:00,LS,0.15499962,-0.15499962,31,0.44,2.595,0.736761276,0.263238724,1.00727945,2019-06-21
F,2019-05-17,-0.01428719,"(2019, 5)",2019-05-01 00:00:00,SS,0.07458032,-0.07458032,10,0.49,0.17,0.327453021,0.672546979,0.274784967,2019-06-21
MARA,2019-05-17,-0.062310765,"(2019, 5)",2019-05-01 00:00:00,SS,0.058607754,-0.058607754,2.5,0.725,0.35,0.277860933,0.722139067,0.45419785,2019-06-21
MSFT,2019-05-17,0.024271348,"(2019, 5)",2019-05-01 00:00:00,LS,0.083117547,-0.083117547,130,2.44,4.05,0.571308567,0.428691433,3.130193208,2019-06-21
NVDA,2019-05-17,-0.008982429,"(2019, 5)",2019-05-01 00:00:00,SS,0.212384865,-0.212384865,4.125,0.09625,0.314375,0.658792899,0.341207101,0.170675799,2019-06-21
AMD,2019-06-21,0.090399148,"(2019, 6)",2019-06-01 00:00:00,LS,0.002634671,-0.002634671,30,1.255,2.115,0.555016896,0.444983104,1.63768547,2019-07-19
AVGO,2019-06-21,0.027106175,"(2019, 6)",2019-06-01 00:00:00,LS,0.007398514,-0.007398514,28,0.62,1.13,0.588452447,0.411547553,0.829889252,2019-07-19
INTC,2019-06-21,-0.003754483,"(2019, 6)",2019-06-01 00:00:00,SS,0.055984986,-0.055984986,48,1.1,1.54,0.542768673,0.457231327,1.301181784,2019-07-19
MSFT,2019-06-21,0.028442858,"(2019, 6)",2019-06-01 00:00:00,LS,0.017243613,-0.017243613,140,1.845,4.55,0.636095534,0.363904466,2.829361579,2019-07-19
NVDA,2019-06-21,-0.019346728,"(2019, 6)",2019-06-01 00:00:00,SS,0.027337594,-0.027337594,3.875,0.11875,0.1925,0.557859024,0.442140976,0.151357897,2019-07-19
TSLA,2019-06-21,-0.007444989,"(2019, 6)",2019-06-01 00:00:00,SS,0.081223456,-0.081223456,14.33333333,1.221666667,0.761666667,0.392774074,0.607225926,0.942342741,2019-07-19
AMD,2019-07-19,0.081332844,"(2019, 7)",2019-07-01 00:00:00,LS,0.032842536,-0.032842536,34,1.515,2.94,0.573446595,0.426553405,2.122838601,2019-08-16
BABA,2019-07-19,-0.012239617,"(2019, 7)",2019-07-01 00:00:00,SS,0.01109173,-0.01109173,180,2.515,9,0.688586465,0.311413535,4.534516777,2019-08-16
MARA,2019-07-19,0.020716492,"(2019, 7)",2019-07-01 00:00:00,LS,-0.200956484,0.200956484,2.5,0.175,0.6,0.607148547,0.392851453,0.341961867,2019-08-16
MSFT,2019-07-19,0.024151656,"(2019, 7)",2019-07-01 00:00:00,LS,0.015141573,-0.015141573,140,1.385,4.875,0.679290777,0.320709223,2.504275187,2019-08-16
NVDA,2019-07-19,-0.036629786,"(2019, 7)",2019-07-01 00:00:00,SS,-0.006187415,0.006187415,4.375,0.13,0.281875,0.603433814,0.396566186,0.190228489,2019-08-16
TSLA,2019-07-19,-0.046421404,"(2019, 7)",2019-07-01 00:00:00,SS,-0.066222106,0.066222106,19,0.351666667,2.111666667,0.738361314,0.261638686,0.812150755,2019-08-16
AMD,2019-08-16,0.070894102,"(2019, 8)",2019-08-01 00:00:00,LS,-0.07821679,0.07821679,33,1.255,2.975,0.607824862,0.392175138,1.929541237,2019-09-20
AVGO,2019-08-16,0.032769135,"(2019, 8)",2019-08-01 00:00:00,LS,-0.01413953,0.01413953,29,0.54,2.305,0.696004477,0.303995523,1.076552098,2019-09-20
GOOGL,2019-08-16,-0.010065481,"(2019, 8)",2019-08-01 00:00:00,SS,0.025713897,-0.025713897,61.25,0.7125,2.895,0.700262551,0.299737449,1.366676982,2019-09-20
MSFT,2019-08-16,0.024821158,"(2019, 8)",2019-08-01 00:00:00,LS,0.008489054,-0.008489054,140,2.2,5.75,0.639785149,0.360214851,3.478762722,2019-09-20
NVDA,2019-08-16,-0.020376683,"(2019, 8)",2019-08-01 00:00:00,SS,0.039162775,-0.039162775,4.125,0.12,0.24,0.599774983,0.400225017,0.168027002,2019-09-20
TSLA,2019-08-16,-0.015738992,"(2019, 8)",2019-08-01 00:00:00,SS,0.067637524,-0.067637524,15.33333333,0.508333333,1.168333333,0.604307629,0.395692371,0.769490298,2019-09-20
AMD,2019-09-20,0.037209997,"(2019, 9)",2019-09-01 00:00:00,LS,0.170406174,-0.170406174,31,1.045,1.945,0.575387056,0.424612944,1.427151649,2019-10-18
AVGO,2019-09-20,0.034565104,"(2019, 9)",2019-09-01 00:00:00,LS,0.060780992,-0.060780992,29,0.575,1.1,0.590667492,0.409332508,0.789899566,2019-10-18
NFLX,2019-09-20,-0.005307228,"(2019, 9)",2019-09-01 00:00:00,SS,0.073948833,-0.073948833,290,7.7,26.75,0.664091382,0.335908618,14.09905917,2019-10-18
MSFT,2019-09-20,0.020657111,"(2019, 9)",2019-09-01 00:00:00,LS,0.031216325,-0.031216325,140,2.885,3.125,0.508990883,0.491009117,3.002842188,2019-10-18
NVDA,2019-09-20,-0.031246668,"(2019, 9)",2019-09-01 00:00:00,SS,0.154821687,-0.154821687,4.375,0.1425,0.179375,0.533214262,0.466785738,0.159712724,2019-10-18
TSLA,2019-09-20,-0.009428313,"(2019, 9)",2019-09-01 00:00:00,SS,0.307426295,-0.307426295,16.66666667,0.496666667,1.113333333,0.603625411,0.396374589,0.741097663,2019-10-18
AMD,2019-10-18,0.019536081,"(2019, 10)",2019-10-01 00:00:00,LS,0.153846051,-0.153846051,32,1.53,2.495,0.548233226,0.451766774,1.965954937,2019-11-15
AMZN,2019-10-18,-0.005830813,"(2019, 10)",2019-10-01 00:00:00,SS,0.013585964,-0.013585964,92,1.09625,5.03125,0.719156402,0.280843598,2.201369557,2019-11-15
AVGO,2019-10-18,0.020016254,"(2019, 10)",2019-10-01 00:00:00,LS,0.079768737,-0.079768737,28,1.29,0.525,0.355787097,0.644212903,0.797177129,2019-11-15
MSFT,2019-10-18,0.020382812,"(2019, 10)",2019-10-01 00:00:00,LS,0.059466978,-0.059466978,140,2.695,5,0.589038564,0.410961436,3.642266111,2019-11-15
NFLX,2019-10-18,-0.015131946,"(2019, 10)",2019-10-01 00:00:00,SS,0.09481237,-0.09481237,290,4.65,18.85,0.69696232,0.30303768,8.953135061,2019-11-15
NVDA,2019-10-18,-0.031919354,"(2019, 10)",2019-10-01 00:00:00,SS,0.078992012,-0.078992012,4.875,0.1775,0.279375,0.552092241,0.447907759,0.223130603,2019-11-15
AMD,2019-11-15,0.049742576,"(2019, 11)",2019-11-01 00:00:00,LS,0.171391631,-0.171391631,39,1.625,2.01,0.510755695,0.489244305,1.813359057,2019-12-20
AVGO,2019-11-15,0.027293909,"(2019, 11)",2019-11-01 00:00:00,LS,0.009580955,-0.009580955,33,0.43,2.35,0.729922345,0.270077655,0.948549098,2019-12-20
MSFT,2019-11-15,0.027163575,"(2019, 11)",2019-11-01 00:00:00,LS,0.041749327,-0.041749327,150,2.47,2.935,0.518235176,0.481764824,2.694020643,2019-12-20
NFLX,2019-11-15,-0.005638591,"(2019, 11)",2019-11-01 00:00:00,SS,0.0283144,-0.0283144,300,8.625,13,0.549603956,0.450396044,10.59548269,2019-12-20
NVDA,2019-11-15,-0.005652954,"(2019, 11)",2019-11-01 00:00:00,SS,0.085630454,-0.085630454,5.125,0.1925,0.206875,0.493776506,0.506223494,0.199776963,2019-12-20
TSLA,2019-11-15,-0.023092096,"(2019, 11)",2019-11-01 00:00:00,SS,0.267898074,-0.267898074,24.66666667,0.63,1.801666667,0.640239586,0.359760414,1.051519286,2019-12-20
AAPL,2019-12-20,0.03514993,"(2019, 12)",2019-12-01 00:00:00,LS,0.054009504,-0.054009504,71.25,0.84375,2.03125,0.641925208,0.358074792,1.268963816,2020-01-17
AMD,2019-12-20,0.049807738,"(2019, 12)",2019-12-01 00:00:00,LS,0.024855818,-0.024855818,44,1.895,1.595,0.461776865,0.538223135,1.733533059,2020-01-17
NFLX,2019-12-20,0.00579851,"(2019, 12)",2019-12-01 00:00:00,SS,0.066507512,-0.066507512,355,4,21.55,0.736895893,0.263104107,8.61747707,2020-01-17
AMZN,2019-12-20,0.007374461,"(2019, 12)",2019-12-01 00:00:00,SS,0.087064138,-0.087064138,90,1.355,1.91875,0.547219419,0.452780581,1.610255053,2020-01-17
META,2019-12-20,0.03344462,"(2019, 12)",2019-12-01 00:00:00,LS,-0.016271527,0.016271527,205,5.7,3.85,0.436615674,0.563384326,4.657738997,2020-01-17
TSLA,2019-12-20,0.001309118,"(2019, 12)",2019-12-01 00:00:00,SS,0.555159021,-0.555159021,27.33333333,1.18,1.445,0.508609524,0.491390476,1.310218476,2020-01-17
AAPL,2020-01-17,0.052806108,"(2020, 1)",2020-01-01 00:00:00,LS,-0.11467041,0.11467041,78.75,3.1625,2.3,0.431465622,0.568534378,2.672139099,2020-02-21
AMD,2020-01-17,0.075914955,"(2020, 1)",2020-01-01 00:00:00,LS,-0.032340304,0.032340304,55,1.665,5.675,0.658454968,0.341545032,3.034595577,2020-02-21
AMZN,2020-01-17,0.018732076,"(2020, 1)",2020-01-01 00:00:00,SS,-0.062214907,0.062214907,96,1.8325,4.52375,0.62485381,0.37514619,2.842112184,2020-02-21
NFLX,2020-01-17,0.02028598,"(2020, 1)",2020-01-01 00:00:00,SS,0.069372828,-0.069372828,365,7.1,31.925,0.7040382,0.2959618,14.44725167,2020-02-21
NVDA,2020-01-17,0.052618608,"(2020, 1)",2020-01-01 00:00:00,LS,0.143005715,-0.143005715,6.25,0.26625,0.276875,0.484684272,0.515315728,0.27172523,2020-02-21
TSLA,2020-01-17,0.010230955,"(2020, 1)",2020-01-01 00:00:00,SS,0.026776606,-0.026776606,33.66666667,2.781666667,2.403333333,0.438694967,0.561305033,2.569306263,2020-02-21
AAPL,2020-02-21,0.056772418,"(2020, 2)",2020-02-01 00:00:00,LS,-0.069761951,0.069761951,81.25,1.08125,3.95,0.68629647,0.31370353,1.981187001,2020-03-20
AMD,2020-02-21,0.062193971,"(2020, 2)",2020-02-01 00:00:00,LS,2.10159E-06,-2.10159E-06,57.5,1.7,5.9,0.660832333,0.339167667,3.1245042,2020-03-20
AMZN,2020-02-21,0.007987104,"(2020, 2)",2020-02-01 00:00:00,SS,0.035018714,-0.035018714,108,1.56625,4.7375,0.656958366,0.343041634,2.654120782,2020-03-20
F,2020-02-21,0.012138006,"(2020, 2)",2020-02-01 00:00:00,SS,-0.306034203,0.306034203,8,0.205,0.295,0.549570168,0.450429832,0.245538685,2020-03-20
NFLX,2020-02-21,-0.001539927,"(2020, 2)",2020-02-01 00:00:00,SS,0.017533715,-0.017533715,400,6.075,25.825,0.70100029,0.29899971,11.98024427,2020-03-20
NVDA,2020-02-21,0.053423082,"(2020, 2)",2020-02-01 00:00:00,LS,-0.023959454,0.023959454,7.625,0.228125,0.504375,0.601166768,0.398833232,0.33830268,2020-03-20
AAPL,2020-03-20,0.057612293,"(2020, 3)",2020-03-01 00:00:00,LS,0.155378332,-0.155378332,65,1.66875,9.23125,0.722784485,0.277215515,3.765192335,2020-04-17
AMD,2020-03-20,0.067730923,"(2020, 3)",2020-03-01 00:00:00,LS,0.151934979,-0.151934979,48,1.275,9.675,0.74848121,0.25151879,3.387757833,2020-04-17
F,2020-03-20,0.009215352,"(2020, 3)",2020-03-01 00:00:00,SS,0.053829518,-0.053829518,5,0.34,1.01,0.605599299,0.394400701,0.60424847,2020-04-17
BABA,2020-03-20,0.014970885,"(2020, 3)",2020-03-01 00:00:00,SS,0.042109658,-0.042109658,175,13.7,7.325,0.376204699,0.623795301,9.723304957,2020-04-17
NFLX,2020-03-20,-0.000474293,"(2020, 3)",2020-03-01 00:00:00,SS,0.118108363,-0.118108363,370,9.325,45.8,0.710436316,0.289563684,19.88683537,2020-04-17
TSLA,2020-03-20,0.08828885,"(2020, 3)",2020-03-01 00:00:00,LS,0.492136222,-0.492136222,35.66666667,1.476666667,8.585,0.703476591,0.296523409,3.584453902,2020-04-17
AMD,2020-04-17,0.057102478,"(2020, 4)",2020-04-01 00:00:00,LS,0.026912293,-0.026912293,60,2.785,6.275,0.591120078,0.408879922,4.211990929,2020-05-15
F,2020-04-17,-0.010059452,"(2020, 4)",2020-04-01 00:00:00,SS,0.121804333,-0.121804333,6,0.205,1.09,0.745929748,0.254070252,0.429852173,2020-05-15
AVGO,2020-04-17,-0.001709293,"(2020, 4)",2020-04-01 00:00:00,SS,0.072344914,-0.072344914,25,2.39,0.85,0.313001397,0.686998603,1.332022151,2020-05-15
NFLX,2020-04-17,0.006223294,"(2020, 4)",2020-04-01 00:00:00,SS,-0.000286976,0.000286976,440,24.525,43.2,0.549534254,0.450465746,32.93744781,2020-05-15
NVDA,2020-04-17,0.045202517,"(2020, 4)",2020-04-01 00:00:00,LS,0.214658027,-0.214658027,7.625,0.295625,0.635625,0.592409302,0.407590698,0.434205837,2020-05-15
TSLA,2020-04-17,0.102096652,"(2020, 4)",2020-04-01 00:00:00,LS,0.067940336,-0.067940336,64,1.923333333,15.65166667,0.749216756,0.250783244,5.366169304,2020-05-15
AMD,2020-05-15,0.049586349,"(2020, 5)",2020-05-01 00:00:00,LS,-0.022117369,0.022117369,60,1.445,7.2,0.711722678,0.288277322,3.10403599,2020-06-19
F,2020-05-15,-0.056880448,"(2020, 5)",2020-05-01 00:00:00,SS,0.064798438,-0.064798438,5.5,0.145,0.74,0.711798747,0.288201253,0.316479746,2020-06-19
AVGO,2020-05-15,-0.017565225,"(2020, 5)",2020-05-01 00:00:00,SS,0.095196706,-0.095196706,28,0.625,2.875,0.699917294,0.300082706,1.300186088,2020-06-19
MSTR,2020-05-15,-0.018641043,"(2020, 5)",2020-05-01 00:00:00,SS,-0.04972781,0.04972781,12,0.3225,0.745,0.617485314,0.382514686,0.484112455,2020-06-19
NVDA,2020-05-15,0.0422955,"(2020, 5)",2020-05-01 00:00:00,LS,0.07060083,-0.07060083,9.625,0.205,1.338125,0.74392367,0.25607633,0.495166491,2020-06-19
TSLA,2020-05-15,0.095874233,"(2020, 5)",2020-05-01 00:00:00,LS,0.293185264,-0.293185264,56.66666667,2.963333333,6.325,0.579789695,0.420210305,4.375940309,2020-06-19
AMD,2020-06-19,0.064122337,"(2020, 6)",2020-06-01 00:00:00,LS,0.47176901,-0.47176901,60,1.105,6.775,0.74440546,0.25559454,2.554221041,2020-07-17
F,2020-06-19,-0.043896394,"(2020, 6)",2020-06-01 00:00:00,SS,0.08717098,-0.08717098,6,0.535,0.275,0.376080609,0.623919391,0.372780958,2020-07-17
AVGO,2020-06-19,0.014731959,"(2020, 6)",2020-06-01 00:00:00,SS,0.003611818,-0.003611818,31,1.09,1.46,0.571040789,0.428959211,1.248714908,2020-07-17
META,2020-06-19,0.016914135,"(2020, 6)",2020-06-01 00:00:00,SS,0.117142265,-0.117142265,245,6.2,12.475,0.591051861,0.408948139,8.766149572,2020-07-17
NVDA,2020-06-19,0.074981294,"(2020, 6)",2020-06-01 00:00:00,LS,0.117608591,-0.117608591,9,0.605,0.3275,0.384642211,0.615357789,0.434238214,2020-07-17
TSLA,2020-06-19,0.161001672,"(2020, 6)",2020-06-01 00:00:00,LS,0.325012512,-0.325012512,66.66666667,4.653333333,4.62,0.46406067,0.53593933,4.635468689,2020-07-17
AMD,2020-07-17,0.056751742,"(2020, 7)",2020-07-01 00:00:00,LS,0.172932296,-0.172932296,62.5,1.475,8.875,0.733161264,0.266838736,3.449606646,2020-08-21
F,2020-07-17,-0.039603302,"(2020, 7)",2020-07-01 00:00:00,SS,0.031767897,-0.031767897,7,0.435,0.65,0.560346415,0.439653585,0.529525521,2020-08-21
AVGO,2020-07-17,0.007217895,"(2020, 7)",2020-07-01 00:00:00,SS,0.095975481,-0.095975481,32,0.905,1.595,0.575531633,0.424468367,1.197883173,2020-08-21
NFLX,2020-07-17,0.015285423,"(2020, 7)",2020-07-01 00:00:00,SS,0.08321207,-0.08321207,510,19.85,37.925,0.573224038,0.426775962,27.56397552,2020-08-21
NVDA,2020-07-17,0.075187945,"(2020, 7)",2020-07-01 00:00:00,LS,0.259988173,-0.259988173,10.75,0.398125,0.93375,0.606616518,0.393383482,0.608831027,2020-08-21
TSLA,2020-07-17,0.148373761,"(2020, 7)",2020-07-01 00:00:00,LS,0.7414515,-0.7414515,132,4.643333333,36.495,0.738260226,0.261739774,12.98018136,2020-08-21
AAPL,2020-08-21,0.054625994,"(2020, 8)",2020-08-01 00:00:00,LS,-0.102525564,0.102525564,131.25,3.50625,10.1125,0.646571279,0.353428721,5.841088488,2020-09-18
F,2020-08-21,-0.028759864,"(2020, 8)",2020-08-01 00:00:00,SS,-0.023459735,0.023459735,7,0.165,0.495,0.652897628,0.347102372,0.279543783,2020-09-18
MARA,2020-08-21,-0.032665073,"(2020, 8)",2020-08-01 00:00:00,SS,-0.20967705,0.20967705,2.5,0.675,0.4,0.357752289,0.642247711,0.49838188,2020-09-18
AVGO,2020-08-21,0.015199549,"(2020, 8)",2020-08-01 00:00:00,SS,0.059154723,-0.059154723,34,0.815,1.995,0.620241526,0.379758474,1.263114999,2020-09-18
NVDA,2020-08-21,0.079120966,"(2020, 8)",2020-08-01 00:00:00,LS,0.011958993,-0.011958993,12.5,0.70875,0.519375,0.42894621,0.57105379,0.600606688,2020-09-18
TSLA,2020-08-21,0.167643017,"(2020, 8)",2020-08-01 00:00:00,LS,-0.139087031,0.139087031,160,4.565,27.71833333,0.727329557,0.272670443,10.87822965,2020-09-18
AMD,2020-09-18,0.094403963,"(2020, 9)",2020-09-01 00:00:00,LS,-0.081717896,0.081717896,80,2.57,7.55,0.640438424,0.359561576,4.36061665,2020-10-16
F,2020-09-18,-0.017401046,"(2020, 9)",2020-09-01 00:00:00,SS,0.160663424,-0.160663424,7,0.475,0.235,0.370879391,0.629120609,0.324011054,2020-10-16
INTC,2020-09-18,0.006811299,"(2020, 9)",2020-09-01 00:00:00,SS,-0.144842997,0.144842997,52.5,0.63,3.225,0.728425608,0.271574392,1.334735547,2020-10-16
MARA,2020-09-18,0.097491918,"(2020, 9)",2020-09-01 00:00:00,LS,0.102037951,-0.102037951,2,0.275,0.375,0.484896871,0.515103129,0.326510313,2020-10-16
AVGO,2020-09-18,0.017832093,"(2020, 9)",2020-09-01 00:00:00,SS,-0.040322063,0.040322063,37,0.69,2.095,0.65468372,0.34531628,1.175169373,2020-10-16
TSLA,2020-09-18,0.2032098,"(2020, 9)",2020-09-01 00:00:00,LS,-0.095499132,0.095499132,200,7.2,59.60833333,0.740303415,0.259696585,20.81026518,2020-10-16
AMD,2020-10-16,0.117235698,"(2020, 10)",2020-10-01 00:00:00,LS,0.230709927,-0.230709927,95,2.35,14.1,0.731056583,0.268943417,5.510085154,2020-11-20
F,2020-10-16,-0.014413556,"(2020, 10)",2020-10-01 00:00:00,SS,0.174644606,-0.174644606,7,0.865,0.205,0.256861399,0.743138601,0.374528523,2020-11-20
INTC,2020-10-16,0.005703245,"(2020, 10)",2020-10-01 00:00:00,SS,0.099801349,-0.099801349,57.5,1.11,4.75,0.696293564,0.303706436,2.215491427,2020-11-20
MARA,2020-10-16,0.113289203,"(2020, 10)",2020-10-01 00:00:00,LS,1.90740578,-1.90740578,2,0.425,0.325,0.342980024,0.657019976,0.359298002,2020-11-20
MSTR,2020-10-16,0.000893991,"(2020, 10)",2020-10-01 00:00:00,SS,1.051659652,-1.051659652,16,1.47,0.955,0.401351965,0.598648035,1.161696262,2020-11-20
TSLA,2020-10-16,0.264465616,"(2020, 10)",2020-10-01 00:00:00,LS,0.46273494,-0.46273494,166.6666667,7.091666667,27.09166667,0.659668417,0.340331583,13.89829833,2020-11-20
F,2020-11-20,-0.012305571,"(2020, 11)",2020-11-01 00:00:00,SS,-0.031939991,0.031939991,9,0.265,0.515,0.587425482,0.412574518,0.368143629,2020-12-18
INTC,2020-11-20,-0.001636478,"(2020, 11)",2020-11-01 00:00:00,SS,0.030406834,-0.030406834,47.5,0.555,2.63,0.721669769,0.278330231,1.13253523,2020-12-18
MARA,2020-11-20,0.115006876,"(2020, 11)",2020-11-01 00:00:00,LS,0.662422691,-0.662422691,5,0.575,2.175,0.559713594,0.440286406,1.27945825,2020-12-18
MSTR,2020-11-20,0.001755565,"(2020, 11)",2020-11-01 00:00:00,SS,0.133558361,-0.133558361,20,3.485,1.285,0.298270862,0.701729138,1.941195896,2020-12-18
NVDA,2020-11-20,0.097462667,"(2020, 11)",2020-11-01 00:00:00,LS,-0.025563604,0.025563604,14,0.28125,1.161875,0.700666226,0.299333774,0.544850804,2020-12-18
TSLA,2020-11-20,0.223873495,"(2020, 11)",2020-11-01 00:00:00,LS,0.243253394,-0.243253394,173.3333333,9.183333333,19.225,0.576925267,0.423074733,13.43170877,2020-12-18
F,2020-12-18,-0.002673815,"(2020, 12)",2020-12-01 00:00:00,SS,0.19795143,-0.19795143,9,0.375,0.375,0.500088508,0.499911492,0.375,2021-01-15
INTC,2020-12-18,-0.01775898,"(2020, 12)",2020-12-01 00:00:00,SS,0.114210218,-0.114210218,50,0.795,3.25,0.702313935,0.297686065,1.525819289,2021-01-15
MARA,2020-12-18,0.128996753,"(2020, 12)",2020-12-01 00:00:00,LS,0.986587887,-0.986587887,10,1.875,2.6,0.439137255,0.560862745,2.28162549,2021-01-15
MSTR,2020-12-18,0.013456475,"(2020, 12)",2020-12-01 00:00:00,SS,0.58875348,-0.58875348,35,1.61,6.695,0.660169905,0.339830095,3.338036033,2021-01-15
NVDA,2020-12-18,0.083586304,"(2020, 12)",2020-12-01 00:00:00,LS,-0.004999247,0.004999247,14.25,0.216875,1.24375,0.732886511,0.267113489,0.491167164,2021-01-15
TSLA,2020-12-18,0.210855984,"(2020, 12)",2020-12-01 00:00:00,LS,0.124507639,-0.124507639,233.3333333,11.75833333,26.58333333,0.555629626,0.444370374,18.34612413,2021-01-15
BABA,2021-01-15,0.023047124,"(2021, 1)",2021-01-01 00:00:00,SS,-0.063310705,0.063310705,265,4.8,26.45,0.728732066,0.271267934,10.67295077,2021-02-19
F,2021-01-15,0.01079503,"(2021, 1)",2021-01-01 00:00:00,SS,0.11111087,-0.11111087,10,0.465,0.625,0.522301517,0.477698483,0.541431757,2021-02-19
INTC,2021-01-15,-0.011505045,"(2021, 1)",2021-01-01 00:00:00,SS,0.101409228,-0.101409228,62.5,1.01,6.25,0.743096624,0.256903376,2.356173692,2021-02-19
MARA,2021-01-15,0.330706892,"(2021, 1)",2021-01-01 00:00:00,LS,0.453709545,-0.453709545,25,5.05,7.6,0.431508545,0.568491455,6.499653211,2021-02-19
MSTR,2021-01-15,0.113718525,"(2021, 1)",2021-01-01 00:00:00,LS,0.215614544,-0.215614544,65,5.425,12.655,0.565962378,0.434037622,8.563092007,2021-02-19
TSLA,2021-01-15,0.228568426,"(2021, 1)",2021-01-01 00:00:00,LS,-0.148740673,0.148740673,333.3333333,9.65,67.425,0.738925761,0.261074239,24.73356415,2021-02-19
BABA,2021-02-19,0.014835771,"(2021, 2)",2021-02-01 00:00:00,SS,-0.046391973,0.046391973,280,4.45,21.05,0.713098467,0.286901533,9.21256545,2021-03-19
F,2021-02-19,0.011123828,"(2021, 2)",2021-02-01 00:00:00,SS,0.047009745,-0.047009745,11,0.905,0.34,0.324664745,0.675335255,0.523435581,2021-03-19
INTC,2021-02-19,-0.014937999,"(2021, 2)",2021-02-01 00:00:00,SS,0.052979533,-0.052979533,65,1.45,3.4,0.617917564,0.382082436,2.195060749,2021-03-19
MARA,2021-02-19,0.374568628,"(2021, 2)",2021-02-01 00:00:00,LS,0.592701877,-0.592701877,45,10.95,12.4,0.390478487,0.609521513,11.83380619,2021-03-19
MSTR,2021-02-19,0.119869053,"(2021, 2)",2021-02-01 00:00:00,LS,-0.095427253,0.095427253,130,6.85,40.39,0.685819947,0.314180053,17.38759898,2021-03-19
TSLA,2021-02-19,0.200213369,"(2021, 2)",2021-02-01 00:00:00,LS,-0.011208172,0.011208172,236.6666667,31.09166667,7.458333333,0.25769923,0.74230077,13.54862513,2021-03-19
BABA,2021-03-19,0.022457341,"(2021, 3)",2021-03-01 00:00:00,SS,0.018612123,-0.018612123,240,9,9.55,0.489622099,0.510377901,9.280707846,2021-04-16
GOOGL,2021-03-19,0.032184838,"(2021, 3)",2021-03-01 00:00:00,SS,0.14108004,-0.14108004,102.75,2.325,3.6075,0.561418176,0.438581824,2.88748119,2021-04-16
INTC,2021-03-19,0.007015472,"(2021, 3)",2021-03-01 00:00:00,SS,-0.101093726,0.101093726,65,1.905,3.15,0.560979243,0.439020757,2.451580842,2021-04-16
MARA,2021-03-19,0.480019002,"(2021, 3)",2021-03-01 00:00:00,LS,-0.234070203,0.234070203,60,4.125,21.1,0.646286229,0.353713771,10.12929126,2021-04-16
MSTR,2021-03-19,0.183479823,"(2021, 3)",2021-03-01 00:00:00,LS,-0.031879581,0.031879581,90,4.905,16.9,0.638920317,0.361079683,9.2361508,2021-04-16
TSLA,2021-03-19,0.209098009,"(2021, 3)",2021-03-01 00:00:00,LS,0.062146633,-0.062146633,233.3333333,10.6,25.34166667,0.602080285,0.397919715,16.46599981,2021-04-16
BABA,2021-04-16,0.022610805,"(2021, 4)",2021-04-01 00:00:00,SS,-0.073564784,0.073564784,250,5.125,16.575,0.662077728,0.337922272,8.994210011,2021-05-21
INTC,2021-04-16,0.018526946,"(2021, 4)",2021-04-01 00:00:00,SS,-0.00109308,0.00109308,65,2.38,2.905,0.509242734,0.490757266,2.637647565,2021-05-21
MARA,2021-04-16,0.564589239,"(2021, 4)",2021-04-01 00:00:00,LS,-0.326536729,0.326536729,60,2.475,23.525,0.735032558,0.264967442,8.052564657,2021-05-21
MSTR,2021-04-16,0.214555768,"(2021, 4)",2021-04-01 00:00:00,LS,-0.284800673,0.284800673,75,5.85,11.525,0.547986612,0.452013388,8.415175976,2021-05-21
NFLX,2021-04-16,0.035027126,"(2021, 4)",2021-04-01 00:00:00,SS,-0.020760075,0.020760075,575,14.3,42.975,0.646506314,0.353493686,24.43643144,2021-05-21
TSLA,2021-04-16,0.21517227,"(2021, 4)",2021-04-01 00:00:00,LS,-0.118713355,0.118713355,221.6666667,33.79166667,8.883333333,0.264516368,0.735483632,15.47199519,2021-05-21
BABA,2021-05-21,0.014565202,"(2021, 5)",2021-05-01 00:00:00,SS,0.059915712,-0.059915712,220,3.525,12.4,0.677325062,0.322674938,6.388740075,2021-06-18
INTC,2021-05-21,0.013499996,"(2021, 5)",2021-05-01 00:00:00,SS,-0.017157386,0.017157386,57.5,0.925,2.375,0.633100527,0.366899473,1.457004235,2021-06-18
MARA,2021-05-21,0.618471325,"(2021, 5)",2021-05-01 00:00:00,LS,0.266453185,-0.266453185,29,1.095,9.175,0.737378186,0.262621814,3.216984256,2021-06-18
MSTR,2021-05-21,0.199545429,"(2021, 5)",2021-05-01 00:00:00,LS,0.413829678,-0.413829678,55,1.525,11.385,0.748675055,0.251324945,4.003063957,2021-06-18
NFLX,2021-05-21,0.02138995,"(2021, 5)",2021-05-01 00:00:00,SS,0.050516798,-0.050516798,520,5.975,27.8,0.718947731,0.281052269,12.10896577,2021-06-18
TSLA,2021-05-21,0.169413689,"(2021, 5)",2021-05-01 00:00:00,LS,0.087136165,-0.087136165,210,4.825,21.23333333,0.697124464,0.302875536,9.794682755,2021-06-18
BABA,2021-06-18,0.014139998,"(2021, 6)",2021-06-01 00:00:00,SS,-0.139295893,0.139295893,210,7.25,4.675,0.423849421,0.576150579,5.76641226,2021-07-16
INTC,2021-06-18,-0.000693342,"(2021, 6)",2021-06-01 00:00:00,SS,-0.043106571,0.043106571,57.5,0.95,2.55,0.660716611,0.339283389,1.492853422,2021-07-16
MARA,2021-06-18,0.546687372,"(2021, 6)",2021-06-01 00:00:00,LS,-0.11922261,0.11922261,35,1.48,7.55,0.689226216,0.310773784,3.366396871,2021-07-16
MSTR,2021-06-18,0.197978489,"(2021, 6)",2021-06-01 00:00:00,LS,-0.057925337,0.057925337,69,4.095,8.965,0.574152493,0.425847507,6.168877358,2021-07-16
NFLX,2021-06-18,0.019988765,"(2021, 6)",2021-06-01 00:00:00,SS,-0.020143533,0.020143533,520,6.525,24.85,0.699158817,0.300841183,12.03791468,2021-07-16
TSLA,2021-06-18,0.168886988,"(2021, 6)",2021-06-01 00:00:00,LS,0.011035013,-0.011035013,228.3333333,3.816666667,24,0.749805456,0.250194544,8.86642654,2021-07-16
BABA,2021-07-16,0.003809577,"(2021, 7)",2021-07-01 00:00:00,SS,-0.144475467,0.144475467,205,11.7,4.775,0.343652669,0.656347331,7.154794731,2021-08-20
INTC,2021-07-16,0.003685837,"(2021, 7)",2021-07-01 00:00:00,SS,0.012819386,-0.012819386,55,2.165,2.47,0.497146422,0.502853578,2.318370341,2021-08-20
MARA,2021-07-16,0.48972964,"(2021, 7)",2021-07-01 00:00:00,LS,0.469051613,-0.469051613,29,1.425,6.975,0.680641535,0.319358465,3.197439483,2021-08-20
MSTR,2021-07-16,0.176608229,"(2021, 7)",2021-07-01 00:00:00,LS,0.109086836,-0.109086836,60,2.74,10.51,0.654841225,0.345158775,5.421883682,2021-08-20
NFLX,2021-07-16,0.010453829,"(2021, 7)",2021-07-01 00:00:00,SS,0.099734711,-0.099734711,540,19.125,28.85,0.543479087,0.456520913,23.56466588,2021-08-20
PLTR,2021-07-16,0.218032369,"(2021, 7)",2021-07-01 00:00:00,LS,0.213265999,-0.213265999,23,0.795,2.415,0.640597082,0.359402918,1.377232727,2021-08-20
AMZN,2021-08-20,0.009603623,"(2021, 8)",2021-08-01 00:00:00,SS,-0.053519875,0.053519875,165.75,1.49875,7.23,0.72400223,0.27599777,3.08056222,2021-09-17
BABA,2021-08-20,-0.00562963,"(2021, 8)",2021-08-01 00:00:00,SS,-0.113419919,0.113419919,160,10.4,12.55,0.493837622,0.506162378,11.48824911,2021-09-17
MARA,2021-08-20,0.402064438,"(2021, 8)",2021-08-01 00:00:00,LS,-0.221977157,0.221977157,40,2.47,7.175,0.609039683,0.390960317,4.30946829,2021-09-17
MSTR,2021-08-20,0.209902185,"(2021, 8)",2021-08-01 00:00:00,LS,-0.166931108,0.166931108,80,3.415,11.86,0.645395325,0.354604675,6.409636478,2021-09-17
NFLX,2021-08-20,0.008285448,"(2021, 8)",2021-08-01 00:00:00,SS,0.072296153,-0.072296153,570,6.3,28.85,0.719978807,0.280021193,12.6144779,2021-09-17
PLTR,2021-08-20,0.210315934,"(2021, 8)",2021-08-01 00:00:00,LS,-0.087319041,0.087319041,25,0.815,1.82,0.60056808,0.39943192,1.21642908,2021-09-17
AMZN,2021-09-17,-0.001594765,"(2021, 9)",2021-09-01 00:00:00,SS,0.026602915,-0.026602915,175,2.955,4.775,0.566894747,0.433105253,3.743251561,2021-10-15
BABA,2021-09-17,-0.031334328,"(2021, 9)",2021-09-01 00:00:00,SS,0.11408437,-0.11408437,170,3.925,13.95,0.670647768,0.329352232,7.22675613,2021-10-15
MARA,2021-09-17,0.371073848,"(2021, 9)",2021-09-01 00:00:00,LS,0.654209092,-0.654209092,40,2.15,6.3,0.61713654,0.38286346,3.738883358,2021-10-15
SOFI,2021-09-17,0.100611965,"(2021, 9)",2021-09-01 00:00:00,LS,0.265114307,-0.265114307,15,1.005,0.895,0.453330241,0.546669759,0.944866327,2021-10-15
NFLX,2021-09-17,-0.001110516,"(2021, 9)",2021-09-01 00:00:00,SS,0.131025913,-0.131025913,590,16.15,16.225,0.496439993,0.503560007,16.187767,2021-10-15
PLTR,2021-09-17,0.171643872,"(2021, 9)",2021-09-01 00:00:00,LS,0.076538218,-0.076538218,30,1.015,2.24,0.604562039,0.395437961,1.499411502,2021-10-15
AMZN,2021-10-15,0.010278693,"(2021, 10)",2021-10-01 00:00:00,SS,0.039923145,-0.039923145,175,3.34375,7.92,0.619085448,0.380914552,5.086910218,2021-11-19
BABA,2021-10-15,-0.046669648,"(2021, 10)",2021-10-01 00:00:00,SS,-0.226809418,0.226809418,180,4.275,16.25,0.678712483,0.321287517,8.122418018,2021-11-19
INTC,2021-10-15,0.009484799,"(2021, 10)",2021-10-01 00:00:00,SS,0.011015688,-0.011015688,55,1.63,2.45,0.543159165,0.456840835,2.004609485,2021-11-19
MARA,2021-10-15,0.432776453,"(2021, 10)",2021-10-01 00:00:00,LS,-0.022397873,0.022397873,60,3.075,14.175,0.667384127,0.332615873,6.767036189,2021-11-19
SOFI,2021-10-15,0.080365566,"(2021, 10)",2021-10-01 00:00:00,LS,-0.143852829,0.143852829,22.5,0.61,3.75,0.727910199,0.272089801,1.464361975,2021-11-19
PLTR,2021-10-15,0.175427702,"(2021, 10)",2021-10-01 00:00:00,LS,-0.202088368,0.202088368,24,1.565,1.58,0.468152347,0.531847653,1.572977715,2021-11-19
AMZN,2021-11-19,0.008663518,"(2021, 11)",2021-11-01 00:00:00,SS,-0.049252261,0.049252261,192.5,2.39875,10.915,0.71621172,0.28378828,4.815561941,2021-12-17
BABA,2021-11-19,-0.060292636,"(2021, 11)",2021-11-01 00:00:00,SS,-0.068531616,0.068531616,155,2.685,17.25,0.748295036,0.251704964,6.351082798,2021-12-17
INTC,2021-11-19,0.021340836,"(2021, 11)",2021-11-01 00:00:00,SS,0.04674829,-0.04674829,50,1.05,1.48,0.547819982,0.452180018,1.244437408,2021-12-17
MARA,2021-11-19,0.403320534,"(2021, 11)",2021-11-01 00:00:00,LS,-0.356570416,0.356570416,80,3.35,28.575,0.729173785,0.270826215,10.18159128,2021-12-17
MSTR,2021-11-19,0.170503509,"(2021, 11)",2021-11-01 00:00:00,LS,-0.245265655,0.245265655,80,3.575,11.295,0.645165034,0.354834966,6.314325939,2021-12-17
PLTR,2021-11-19,0.161460769,"(2021, 11)",2021-11-01 00:00:00,LS,-0.118158918,0.118158918,23,0.545,2.17,0.683736092,0.316263908,1.05892885,2021-12-17
AMZN,2021-12-17,0.007132871,"(2021, 12)",2021-12-01 00:00:00,SS,-0.102829576,0.102829576,180,2.32625,11.93625,0.73370882,0.26629118,4.885308242,2022-01-21
BABA,2021-12-17,-0.03758989,"(2021, 12)",2021-12-01 00:00:00,SS,0.058929663,-0.058929663,130,4.775,12.925,0.622502009,0.377497991,7.851608625,2022-01-21
INTC,2021-12-17,0.004965211,"(2021, 12)",2021-12-01 00:00:00,SS,-0.052041442,0.052041442,52.5,0.975,2.725,0.652594242,0.347405758,1.582960076,2022-01-21
MARA,2021-12-17,0.289393563,"(2021, 12)",2021-12-01 00:00:00,LS,-0.283627877,0.283627877,40,3.005,9.05,0.599992233,0.400007767,5.423046954,2022-01-21
MSTR,2021-12-17,0.09637754,"(2021, 12)",2021-12-01 00:00:00,LS,-0.3241205,0.3241205,68,1.895,12.9,0.73666169,0.26333831,4.793038099,2022-01-21
SOFI,2021-12-17,0.100753816,"(2021, 12)",2021-12-01 00:00:00,LS,-0.210628815,0.210628815,15,1.39,1.725,0.482620219,0.517379781,1.563322227,2022-01-21
AMZN,2022-01-21,0.008211356,"(2022, 1)",2022-01-01 00:00:00,SS,0.026671852,-0.026671852,155,2.36875,14.225,0.751399521,0.248600479,5.316219427,2022-02-18
BABA,2022-01-21,-0.047635846,"(2022, 1)",2022-01-01 00:00:00,SS,-0.163765734,0.163765734,135,2.92,14.45,0.716333506,0.283666494,6.190674673,2022-02-18
INTC,2022-01-21,0.00320238,"(2022, 1)",2022-01-01 00:00:00,SS,-0.015513731,0.015513731,55,1.35,4.375,0.671494485,0.328505515,2.343729182,2022-02-18
MARA,2022-01-21,0.227137148,"(2022, 1)",2022-01-01 00:00:00,LS,0.076890395,-0.076890395,25,1.97,4.95,0.575264077,0.424735923,3.235713049,2022-02-18
MSTR,2022-01-21,0.085045651,"(2022, 1)",2022-01-01 00:00:00,LS,0.203772343,-0.203772343,42,2.275,6.37,0.623429972,0.376570028,3.817054263,2022-02-18
NVDA,2022-01-21,0.093042426,"(2022, 1)",2022-01-01 00:00:00,LS,-0.004125263,0.004125263,25.5,0.79,2.765,0.674839258,0.325160742,1.432192466,2022-02-18
BABA,2022-02-18,-0.062107961,"(2022, 2)",2022-02-01 00:00:00,SS,0.03432006,-0.03432006,125,5.625,11.525,0.580880517,0.419119483,8.097804947,2022-03-18
F,2022-02-18,0.069031135,"(2022, 2)",2022-02-01 00:00:00,LS,-0.037016924,0.037016924,19,0.595,1.53,0.623896058,0.376103942,0.946657186,2022-03-18
MARA,2022-02-18,0.105031848,"(2022, 2)",2022-02-01 00:00:00,LS,0.102565434,-0.102565434,25,2.82,3.95,0.484207439,0.515792561,3.402845594,2022-03-18
NVDA,2022-02-18,0.084423523,"(2022, 2)",2022-02-01 00:00:00,LS,0.11915041,-0.11915041,25,0.96,2.3075,0.606653417,0.393346583,1.490034521,2022-03-18
PLTR,2022-02-18,-0.046034404,"(2022, 2)",2022-02-01 00:00:00,SS,0.158646289,-0.158646289,11,1.025,1.015,0.451979426,0.548020574,1.019519794,2022-03-18
SOFI,2022-02-18,-0.029481656,"(2022, 2)",2022-02-01 00:00:00,SS,-0.174672137,0.174672137,12.5,0.94,2.08,0.564376,0.435624,1.43661136,2022-03-18
BABA,2022-03-18,-0.0509952,"(2022, 3)",2022-03-01 00:00:00,SS,-0.107627689,0.107627689,120,4.35,15.85,0.663105303,0.336894697,8.224289021,2022-04-14
F,2022-03-18,0.057327724,"(2022, 3)",2022-03-01 00:00:00,LS,-0.157113134,0.157113134,16,1.345,0.475,0.317415337,0.682584663,0.751151343,2022-04-14
MSTR,2022-03-18,-0.039841093,"(2022, 3)",2022-03-01 00:00:00,SS,-0.271735792,0.271735792,50,1.805,6.345,0.659958828,0.340041172,3.348786923,2022-04-14
NVDA,2022-03-18,0.064128354,"(2022, 3)",2022-03-01 00:00:00,LS,-0.320272513,0.320272513,26.5,1.335,1.455,0.486348189,0.513651811,1.396638217,2022-04-14
PLTR,2022-03-18,-0.039350822,"(2022, 3)",2022-03-01 00:00:00,SS,-0.242535686,0.242535686,13,0.815,0.98,0.496563237,0.503436763,0.898067066,2022-04-14
TSLA,2022-03-18,0.038974561,"(2022, 3)",2022-03-01 00:00:00,LS,-0.191944426,0.191944426,325,8.708333333,31.55,0.671665045,0.328334955,16.20805094,2022-04-14
AMD,2022-04-14,0.051287724,"(2022, 4)",2022-04-01 00:00:00,LS,0.191063911,-0.191063911,105,2.385,14.3,0.732638601,0.267361399,5.570611071,2022-05-20
BABA,2022-04-14,-0.061665542,"(2022, 4)",2022-04-01 00:00:00,SS,-0.010710917,0.010710917,105,3.525,13.05,0.665110509,0.334889491,6.714822406,2022-05-20
COIN,2022-04-14,-0.033861383,"(2022, 4)",2022-04-01 00:00:00,SS,-0.307071819,0.307071819,165,7.55,25.2,0.639788382,0.360211618,13.90773506,2022-05-20
F,2022-04-14,0.040783441,"(2022, 4)",2022-04-01 00:00:00,LS,-0.033897974,0.033897974,15,1.175,0.785,0.403688132,0.596311868,0.942438372,2022-05-20
NVDA,2022-04-14,0.06615283,"(2022, 4)",2022-04-01 00:00:00,LS,0.006740481,-0.006740481,23.5,0.6,2.8475,0.703052779,0.296947221,1.267388879,2022-05-20
PLTR,2022-04-14,-0.04936404,"(2022, 4)",2022-04-01 00:00:00,SS,-0.165383437,0.165383437,12,1.325,0.885,0.39448622,0.60551378,1.058573937,2022-05-20
BABA,2022-05-20,-0.060237548,"(2022, 5)",2022-05-01 00:00:00,SS,0.183551097,-0.183551097,100,2.46,15.575,0.736096618,0.263903382,5.921092857,2022-06-17
F,2022-05-20,0.042687203,"(2022, 5)",2022-05-01 00:00:00,LS,-0.186406115,0.186406115,12,1.045,0.535,0.366809359,0.633190641,0.722072773,2022-06-17
NVDA,2022-05-20,0.065670294,"(2022, 5)",2022-05-01 00:00:00,LS,-0.187967845,0.187967845,18.5,0.65,2.43,0.666677624,0.333322376,1.243313829,2022-06-17
PLTR,2022-05-20,-0.033965855,"(2022, 5)",2022-05-01 00:00:00,SS,0.044929249,-0.044929249,9,0.345,1.24,0.660815818,0.339184182,0.648569843,2022-06-17
SOFI,2022-05-20,-0.040638543,"(2022, 5)",2022-05-01 00:00:00,SS,-0.29545579,0.29545579,9,0.285,1.82,0.724885186,0.275114814,0.707301239,2022-06-17
TSLA,2022-05-20,0.049547518,"(2022, 5)",2022-05-01 00:00:00,LS,-0.111889877,0.111889877,250,7.966666667,36.53333333,0.691576154,0.308423846,16.77730788,2022-06-17
AAPL,2022-06-17,0.024279976,"(2022, 6)",2022-06-01 00:00:00,LS,0.188634962,-0.188634962,140,1.92,10.2,0.731750808,0.268249192,4.14110331,2022-07-15
BABA,2022-06-17,-0.063334175,"(2022, 6)",2022-06-01 00:00:00,SS,-0.21384709,0.21384709,120,3.025,20.15,0.748166044,0.251833956,7.33765649,2022-07-15
NFLX,2022-06-17,-0.064351041,"(2022, 6)",2022-06-01 00:00:00,SS,0.286098279,-0.286098279,195,4.025,23.2,0.733052701,0.266947299,9.143714465,2022-07-15
NVDA,2022-06-17,0.029074367,"(2022, 6)",2022-06-01 00:00:00,LS,0.198164896,-0.198164896,15.5,1.265,0.855,0.40789375,0.59210625,1.022236437,2022-07-15
SOFI,2022-06-17,-0.089517849,"(2022, 6)",2022-06-01 00:00:00,SS,0.197343755,-0.197343755,6,0.385,0.69,0.547353124,0.452646876,0.523057297,2022-07-15
TSLA,2022-06-17,0.042890147,"(2022, 6)",2022-06-01 00:00:00,LS,0.323764749,-0.323764749,250,5.7,38.6,0.746020965,0.253979035,14.05591024,2022-07-15
AMD,2022-07-15,0.020912417,"(2022, 7)",2022-07-01 00:00:00,LS,-0.101619979,0.101619979,90,2.385,11.075,0.701546356,0.298453644,4.978562167,2022-08-19
AVGO,2022-07-15,0.023741402,"(2022, 7)",2022-07-01 00:00:00,LS,-0.067918411,0.067918411,50,1.69,2.2,0.522557447,0.477442553,1.933495702,2022-08-19
BABA,2022-07-15,-0.069754778,"(2022, 7)",2022-07-01 00:00:00,SS,0.067582663,-0.067582663,110,5.15,12.45,0.601738786,0.398261214,8.057306866,2022-08-19
COIN,2022-07-15,-0.078446181,"(2022, 7)",2022-07-01 00:00:00,SS,0.060989645,-0.060989645,70,2.455,18.925,0.735280611,0.264719389,6.814928329,2022-08-19
PLTR,2022-07-15,-0.084202152,"(2022, 7)",2022-07-01 00:00:00,SS,-0.254107453,0.254107453,9,0.895,0.855,0.443587105,0.556412895,0.872743484,2022-08-19
TSLA,2022-07-15,0.023223283,"(2022, 7)",2022-07-01 00:00:00,LS,-0.072488493,0.072488493,270,7.875,37.75,0.697525042,0.302474958,16.91143938,2022-08-19
AAPL,2022-08-19,-0.002994648,"(2022, 8)",2022-08-01 00:00:00,LS,-0.120978331,0.120978331,170,5.925,3.925,0.427070789,0.572929211,4.779141578,2022-09-16
AVGO,2022-08-19,0.007948334,"(2022, 8)",2022-08-01 00:00:00,LS,-0.102829746,0.102829746,58,0.79,3.805,0.722764129,0.277235871,1.625866152,2022-09-16
COIN,2022-08-19,-0.108622529,"(2022, 8)",2022-08-01 00:00:00,SS,-0.034579766,0.034579766,90,3.675,19.575,0.694434261,0.305565739,8.533495255,2022-09-16
MSTR,2022-08-19,-0.089468184,"(2022, 8)",2022-08-01 00:00:00,SS,-0.083348633,0.083348633,35,1.06,7.89,0.740622783,0.259377217,2.831546394,2022-09-16
RIVN,2022-08-19,-0.134989729,"(2022, 8)",2022-08-01 00:00:00,SS,0.006116036,-0.006116036,35,2.31,2.825,0.495359391,0.504640609,2.569889914,2022-09-16
TSLA,2022-08-19,0.012048293,"(2022, 8)",2022-08-01 00:00:00,LS,-0.037590619,0.037590619,316.6666667,8.683333333,28.10833333,0.655443961,0.344556039,15.37633439,2022-09-16
AVGO,2022-09-16,0.01503081,"(2022, 9)",2022-09-01 00:00:00,LS,0.058808411,-0.058808411,53,0.88,3.88,0.708234781,0.291765219,1.755295658,2022-10-21
COIN,2022-09-16,-0.086419027,"(2022, 9)",2022-09-01 00:00:00,SS,0.027289853,-0.027289853,90,3.725,19.725,0.693379539,0.306620461,8.63092737,2022-10-21
F,2022-09-16,0.023397925,"(2022, 9)",2022-09-01 00:00:00,LS,0.193750899,-0.193750899,14,1.255,0.525,0.337655547,0.662344453,0.771488549,2022-10-21
PLTR,2022-09-16,-0.070638949,"(2022, 9)",2022-09-01 00:00:00,SS,0.081181157,-0.081181157,9,0.205,1.4,0.747179994,0.252820006,0.507119908,2022-10-21
RIVN,2022-09-16,-0.083040091,"(2022, 9)",2022-09-01 00:00:00,SS,0.062594489,-0.062594489,45,1.39,6.95,0.708761129,0.291238871,3.009288123,2022-10-21
TSLA,2022-09-16,0.035062837,"(2022, 9)",2022-09-01 00:00:00,LS,-0.142170408,0.142170408,325,11.875,32.65,0.626460865,0.373539135,19.63527552,2022-10-21
COIN,2022-10-21,-0.06981112,"(2022, 10)",2022-10-01 00:00:00,SS,-0.309734475,0.309734475,65,9.15,7.775,0.410697195,0.589302805,8.339708643,2022-11-18
F,2022-10-21,0.019830528,"(2022, 10)",2022-10-01 00:00:00,LS,0.050733725,-0.050733725,12,0.815,0.675,0.441500301,0.558499699,0.736810042,2022-11-18
MARA,2022-10-21,0.022890677,"(2022, 10)",2022-10-01 00:00:00,LS,-0.517925209,0.517925209,15,0.51,3.925,0.737331243,0.262668757,1.407013804,2022-11-18
PLTR,2022-10-21,-0.085801532,"(2022, 10)",2022-10-01 00:00:00,SS,-0.146758401,0.146758401,9,0.425,1.105,0.612104431,0.387895569,0.688768987,2022-11-18
RIVN,2022-10-21,-0.079371641,"(2022, 10)",2022-10-01 00:00:00,SS,-0.08378702,0.08378702,32.5,2.915,3.425,0.476674448,0.523325552,3.181896032,2022-11-18
TSLA,2022-10-21,0.023559866,"(2022, 10)",2022-10-01 00:00:00,LS,-0.144327117,0.144327117,220,11.925,16.9,0.523827246,0.476172754,14.29395945,2022-11-18
AAPL,2022-11-18,-0.00269127,"(2022, 11)",2022-11-01 00:00:00,LS,,,160,1.775,10.225,0.743151268,0.256848732,3.945371789,2022-12-16
AVGO,2022-11-18,-0.007658756,"(2022, 11)",2022-11-01 00:00:00,LS,,,55,0.805,4.18,0.727726817,0.272273183,1.723921992,2022-12-16
COIN,2022-11-18,-0.109697634,"(2022, 11)",2022-11-01 00:00:00,SS,,,55,2.96,12.7,0.656465481,0.343534519,6.30602622,2022-12-16
PLTR,2022-11-18,-0.087931371,"(2022, 11)",2022-11-01 00:00:00,SS,,,7,0.715,0.305,0.337114114,0.662885886,0.443216787,2022-12-16
SOFI,2022-11-18,-0.105295289,"(2022, 11)",2022-11-01 00:00:00,SS,,,5,0.505,0.295,0.385032978,0.614967022,0.375856925,2022-12-16
TSLA,2022-11-18,-0.019541593,"(2022, 11)",2022-11-01 00:00:00,LS,,,180,12.825,12.175,0.457517567,0.542482433,12.47238642,2022-12-16