ticker,date,MOM
AAPL,2019-02-15,0.008769761408938532
AAPL,2019-03-15,0.006152305242197686
AAPL,2019-04-18,0.0004126067823007971
AAPL,2019-05-17,0.009446308887446332
AAPL,2019-06-21,0.011580100671511091
AAPL,2019-07-19,0.0038873741361444432
AAPL,2019-08-16,0.007858945373341046
AAPL,2019-09-20,0.0005268907210318676
AAPL,2019-10-18,0.0040654345075472
AAPL,2019-11-15,0.006252373122665547
AAPL,2019-12-20,0.022500801169170172
AAPL,2020-01-17,0.04949592576646924
AAPL,2020-02-21,0.05607403279339755
AAPL,2020-03-20,0.05879416629782475
AAPL,2020-04-17,0.05337132323983582
AAPL,2020-05-15,0.02233780411094148
AAPL,2020-06-19,0.04374321942195574
AAPL,2020-07-17,0.04650278001392136
AAPL,2020-08-21,0.05606779089253145
AAPL,2020-09-18,0.0666813455283925
AAPL,2020-10-16,0.07850778835918487
AAPL,2020-11-20,0.06651710431403045
AAPL,2020-12-18,0.06448939710093912
AAPL,2021-01-15,0.056914605572987415
AAPL,2021-02-19,0.053188930856763815
AAPL,2021-03-19,0.0518780670612639
AAPL,2021-04-16,0.07387668840905147
AAPL,2021-05-21,0.05187775162347426
AAPL,2021-06-18,0.05516883637384677
AAPL,2021-07-16,0.03791826382093388
AAPL,2021-08-20,0.032236553835182
AAPL,2021-09-17,0.023261908483280833
AAPL,2021-10-15,0.02827111854216643
AAPL,2021-11-19,0.021022434114841556
AAPL,2021-12-17,0.019508120387602343
AAPL,2022-01-21,0.020722242966195747
AAPL,2022-02-18,0.02886035122952342
AAPL,2022-03-18,0.024206166210672165
AAPL,2022-04-14,0.033054995363838775
AAPL,2022-05-20,0.01807178720232725
AAPL,2022-06-17,0.028466907213316118
AAPL,2022-07-15,0.007635539059269603
AAPL,2022-08-19,0.008702373360081212
AAPL,2022-09-16,0.005255647270777117
AAPL,2022-10-21,0.019684506308568286
AAPL,2022-11-18,0.01138827304159339
AAPL,2022-12-16,0.002892192877859326
AAPL,2023-01-20,0.006531430048142202
AAPL,2023-02-17,0.011018430770592441
AAPL,2023-03-17,0.014252499653339261
AAPL,2023-04-06,0.0025866356689123434
AAPL,2023-04-21,0.0016830676124317242
AAPL,2023-05-19,0.020563222292236203
AAPL,2023-06-16,0.0269926693254251
AAPL,2023-07-21,0.01870676310834488
AAPL,2023-08-18,0.008674621747819451
AAPL,2023-09-15,0.02352390928156163
AAPL,2023-10-20,0.01987690789399409
AAPL,2023-11-17,0.016138789318430338
AAPL,2023-12-15,0.024570960584382077
AAPL,2024-01-19,0.03277332851361591
AAPL,2024-02-16,0.02440588381365274
AAPL,2024-03-15,0.018790020324621928
AAPL,2024-03-28,0.011877158626528666
AAPL,2024-04-19,0.004903116845106409
AAPL,2024-05-17,0.0004837328995235762
AAPL,2024-06-21,0.00849704917550952
AAPL,2024-07-19,0.00043174269150618325
AAPL,2024-08-16,0.01893733626551808
AAPL,2024-09-20,0.024314878421509457
AAPL,2024-10-18,0.024678703250395673
AAPL,2024-11-15,0.01897436768386942
AAPL,2024-12-20,0.016251931292425355
AAPL,2025-01-17,0.019063158899031044
AMD,2019-02-15,0.05722235354736043
AMD,2019-03-15,0.0709693035681121
AMD,2019-04-18,0.08934269412692514
AMD,2019-05-17,0.09883347551554818
AMD,2019-06-21,0.0930692581512031
AMD,2019-07-19,0.07046609928376342
AMD,2019-08-16,0.0743838659228019
AMD,2019-09-20,0.06918759767009128
AMD,2019-10-18,0.004283430442167754
AMD,2019-11-15,0.019478351745206766
AMD,2019-12-20,0.039548742352495884
AMD,2020-01-17,0.0756149296477652
AMD,2020-02-21,0.0745291441258077
AMD,2020-03-20,0.07633039311576234
AMD,2020-04-17,0.09124818152320945
AMD,2020-05-15,0.04494435300675759
AMD,2020-06-19,0.0823325238459031
AMD,2020-07-17,0.07194636818717291
AMD,2020-08-21,0.06210494358057112
AMD,2020-09-18,0.07275887726705366
AMD,2020-10-16,0.1169593016973347
AMD,2020-11-20,0.10757657974700811
AMD,2020-12-18,0.0943422006886295
AMD,2021-01-15,0.08635782929189144
AMD,2021-02-19,0.0836365533723212
AMD,2021-03-19,0.0642577054357495
AMD,2021-04-16,0.08980461658650127
AMD,2021-05-21,0.039907513190489394
AMD,2021-06-18,0.04949302588705953
AMD,2021-07-16,0.04485582588489298
AMD,2021-08-20,0.050945380351967946
AMD,2021-09-17,0.00739322051991951
AMD,2021-10-15,0.03176246813467432
AMD,2021-11-19,0.026157386194474105
AMD,2021-12-17,0.028460150395128784
AMD,2022-01-21,0.05138096073656681
AMD,2022-02-18,0.04745462667942759
AMD,2022-03-18,0.03862412965347499
AMD,2022-04-14,0.0423131379399333
AMD,2022-05-20,0.03607246169578926
AMD,2022-06-17,0.030139017201076024
AMD,2022-07-15,0.021573863523398143
AMD,2022-08-19,0.005277173690301159
AMD,2022-09-16,0.01608295219403337
AMD,2022-10-21,0.006968115310417441
AMD,2022-11-18,0.01949365132946066
AMD,2022-12-16,0.07682488417271355
AMD,2023-01-20,0.04183629395058777
AMD,2023-02-17,0.039919284474544785
AMD,2023-03-17,0.03120659847232854
AMD,2023-04-06,0.01404820106729557
AMD,2023-04-21,0.01606025107178919
AMD,2023-05-19,0.013253473917277664
AMD,2023-06-16,0.024595913337882528
AMD,2023-07-21,0.046396447596324636
AMD,2023-08-18,0.034874064967123634
AMD,2023-09-15,0.04616075809438109
AMD,2023-10-20,0.06377115568970658
AMD,2023-11-17,0.04029463006109804
AMD,2023-12-15,0.04575458940474131
AMD,2024-01-19,0.059616269365111885
AMD,2024-02-16,0.05679268123743361
AMD,2024-03-15,0.05429035776281086
AMD,2024-03-28,0.06596663178658992
AMD,2024-04-19,0.07367030507000756
AMD,2024-05-17,0.05206194063094963
AMD,2024-06-21,0.025917036391973947
AMD,2024-07-19,0.040573822313533896
AMD,2024-08-16,0.04489500367329725
AMD,2024-09-20,0.03961154203365683
AMD,2024-10-18,0.03830972117689218
AMD,2024-11-15,0.028622341730343715
AMD,2024-12-20,0.014553460766956012
AMD,2025-01-17,0.011827641500144785
AMZN,2019-02-15,0.013880942026961683
AMZN,2019-03-15,0.016502986392411725
AMZN,2019-04-18,0.005216263904096513
AMZN,2019-05-17,0.01023765713637579
AMZN,2019-06-21,0.018415496760717822
AMZN,2019-07-19,0.012332572386487025
AMZN,2019-08-16,0.008139405764758538
AMZN,2019-09-20,0.007281178343026662
AMZN,2019-10-18,0.004777468379600378
AMZN,2019-11-15,0.0056612885481444756
AMZN,2019-12-20,0.011730136755944425
AMZN,2020-01-17,0.018961660586751274
AMZN,2020-02-21,0.006452026469509083
AMZN,2020-03-20,0.014585839893287534
AMZN,2020-04-17,0.02434452880532113
AMZN,2020-05-15,0.0032240018957347153
AMZN,2020-06-19,0.026623479284372878
AMZN,2020-07-17,0.025387276863021155
AMZN,2020-08-21,0.03264711885258476
AMZN,2020-09-18,0.05377050746118107
AMZN,2020-10-16,0.060462322171629106
AMZN,2020-11-20,0.054202358672792224
AMZN,2020-12-18,0.06584316174506841
AMZN,2021-01-15,0.057856068393706835
AMZN,2021-02-19,0.05698359909104804
AMZN,2021-03-19,0.0406122910096844
AMZN,2021-04-16,0.05793963967500404
AMZN,2021-05-21,0.024255199728070522
AMZN,2021-06-18,0.035526327676904494
AMZN,2021-07-16,0.021901266735890032
AMZN,2021-08-20,0.01681392611349394
AMZN,2021-09-17,0.011498019071605555
AMZN,2021-10-15,0.008353864858572894
AMZN,2021-11-19,0.00695475205546181
AMZN,2021-12-17,0.008080093650794247
AMZN,2022-01-21,0.01552272333620393
AMZN,2022-02-18,0.010736496577050024
AMZN,2022-03-18,0.004360419714806768
AMZN,2022-04-14,0.005629697254246446
AMZN,2022-05-20,0.003390925391864898
AMZN,2022-06-17,0.0008372610869683348
AMZN,2022-07-15,0.03578333791177554
AMZN,2022-08-19,0.042581484479764335
AMZN,2022-09-16,0.025366833808676225
AMZN,2022-10-21,0.007911780163486077
AMZN,2022-11-18,0.013236756702987658
AMZN,2022-12-16,0.03209232579949823
AMZN,2023-01-20,0.04034649317012315
AMZN,2023-02-17,0.037219340694403275
AMZN,2023-03-17,0.03363313360724284
AMZN,2023-04-06,0.03081576682138038
AMZN,2023-04-21,0.028083487946734077
AMZN,2023-05-19,0.0010640864420645814
AMZN,2023-06-16,0.006600424501379815
AMZN,2023-07-21,0.013045700383705117
AMZN,2023-08-18,0.006084646057993173
AMZN,2023-09-15,0.00618814119717999
AMZN,2023-10-20,0.01694069407795652
AMZN,2023-11-17,0.04031958341317605
AMZN,2023-12-15,0.03620189638894586
AMZN,2024-01-19,0.04104314681459554
AMZN,2024-02-16,0.039626823241703565
AMZN,2024-03-15,0.04162559913874861
AMZN,2024-03-28,0.050315890795809885
AMZN,2024-04-19,0.05267079188488375
AMZN,2024-05-17,0.04066215047959166
AMZN,2024-06-21,0.0334596148296963
AMZN,2024-07-19,0.033658258097573696
AMZN,2024-08-16,0.03206902701168129
AMZN,2024-09-20,0.023633671284339432
AMZN,2024-10-18,0.03083782653866812
AMZN,2024-11-15,0.02690735258726451
AMZN,2024-12-20,0.022865508390155845
AMZN,2025-01-17,0.03072642790132394
AVGO,2019-02-15,0.004455690129313885
AVGO,2019-03-15,0.006650434961398388
AVGO,2019-04-18,0.010217512757721224
AVGO,2019-05-17,0.014376315757903163
AVGO,2019-06-21,0.033390556101164974
AVGO,2019-07-19,0.015785316614697096
AVGO,2019-08-16,0.029878781270492503
AVGO,2019-09-20,0.0341004064032224
AVGO,2019-10-18,0.011681620982078004
AVGO,2019-11-15,0.025402900376627787
AVGO,2019-12-20,0.021707333958558082
AVGO,2020-01-17,0.02570996148436423
AVGO,2020-02-21,0.025110566301780546
AVGO,2020-03-20,0.011010387070321618
AVGO,2020-04-17,0.01595395738256271
AVGO,2020-05-15,0.03552931688823251
AVGO,2020-06-19,0.0009084662468056988
AVGO,2020-07-17,0.009410950510223781
AVGO,2020-08-21,0.02368454100429637
AVGO,2020-09-18,0.02821430929187578
AVGO,2020-10-16,0.025876358720040196
AVGO,2020-11-20,0.03650881416741429
AVGO,2020-12-18,0.03385200787082777
AVGO,2021-01-15,0.030453085439565254
AVGO,2021-02-19,0.045115804898029806
AVGO,2021-03-19,0.05000814597218081
AVGO,2021-04-16,0.09002579093122381
AVGO,2021-05-21,0.05658446556812869
AVGO,2021-06-18,0.05676403890133075
AVGO,2021-07-16,0.034259973620020374
AVGO,2021-08-20,0.0395929672146523
AVGO,2021-09-17,0.03567647520978657
AVGO,2021-10-15,0.024696877042049703
AVGO,2021-11-19,0.02770905374182425
AVGO,2021-12-17,0.02490918344440195
AVGO,2022-01-21,0.029134828544369138
AVGO,2022-02-18,0.030848662760256048
AVGO,2022-03-18,0.013890276613512892
AVGO,2022-04-14,0.022676951835286677
AVGO,2022-05-20,0.02328898396695398
AVGO,2022-06-17,0.02649578856312653
AVGO,2022-07-15,0.016156939415035123
AVGO,2022-08-19,0.006806113854766987
AVGO,2022-09-16,0.005238798760461344
AVGO,2022-10-21,0.012591307334524737
AVGO,2022-11-18,0.004846173016705132
AVGO,2022-12-16,0.021954346657920006
AVGO,2023-01-20,0.011924996000525849
AVGO,2023-02-17,0.006907566705607397
AVGO,2023-03-17,0.0025662317917941805
AVGO,2023-04-06,0.0048736062690630496
AVGO,2023-04-21,0.011845236736113202
AVGO,2023-05-19,0.017883543873830045
AVGO,2023-06-16,0.026623458544948277
AVGO,2023-07-21,0.0353616846545104
AVGO,2023-08-18,0.04907874891875627
AVGO,2023-09-15,0.05907619258408596
AVGO,2023-10-20,0.0655037694715276
AVGO,2023-11-17,0.05311537520441463
AVGO,2023-12-15,0.04457167132568525
AVGO,2024-01-19,0.053329319729527834
AVGO,2024-02-16,0.061226809467915096
AVGO,2024-03-15,0.05885764345392163
AVGO,2024-03-28,0.06955627588841261
AVGO,2024-04-19,0.06877551048161412
AVGO,2024-05-17,0.06639648261118612
AVGO,2024-06-21,0.03471580221670885
AVGO,2024-07-19,0.045268465161044616
AVGO,2024-08-16,0.07229268259593212
AVGO,2024-09-20,0.06061734018416586
AVGO,2024-10-18,0.06419188487801222
AVGO,2024-11-15,0.05528970313260612
AVGO,2024-12-20,0.049030138021874566
AVGO,2025-01-17,0.04037187020095213
BABA,2019-02-15,0.023810643889939
BABA,2019-03-15,0.011278591630003039
BABA,2019-04-18,0.009675856587724942
BABA,2019-05-17,0.004861940266117687
BABA,2019-06-21,0.0011537364494555093
BABA,2019-07-19,0.011535610514116295
BABA,2019-08-16,0.005185572836168787
BABA,2019-09-20,0.00472166774031541
BABA,2019-10-18,0.004884112055588949
BABA,2019-11-15,0.02530519458482043
BABA,2019-12-20,0.014396982866652152
BABA,2020-01-17,0.029740097691947187
BABA,2020-02-21,0.029296002001946386
BABA,2020-03-20,0.02803732940631459
BABA,2020-04-17,0.019174151918862806
BABA,2020-05-15,5.6686122239221504e-05
BABA,2020-06-19,0.021836036949495086
BABA,2020-07-17,0.02077005559280071
BABA,2020-08-21,0.02835539273666301
BABA,2020-09-18,0.039133165742823744
BABA,2020-10-16,0.03758778688966289
BABA,2020-11-20,0.04566150389802764
BABA,2020-12-18,0.05043036683318278
BABA,2021-01-15,0.024826235967621388
BABA,2021-02-19,0.02043965725883621
BABA,2021-03-19,0.01546043162423726
BABA,2021-04-16,0.03900911996981495
BABA,2021-05-21,0.013385919787883888
BABA,2021-06-18,0.019264947947424626
BABA,2021-07-16,0.0008180759978527034
BABA,2021-08-20,0.009150734793528953
BABA,2021-09-17,0.013592556510626448
BABA,2021-10-15,0.04279507700024333
BABA,2021-11-19,0.05305166858715194
BABA,2021-12-17,0.03491880548337472
BABA,2022-01-21,0.04914192264970157
BABA,2022-02-18,0.056549797663145634
BABA,2022-03-18,0.05645539923455338
BABA,2022-04-14,0.051383718623603976
BABA,2022-05-20,0.06998484745403533
BABA,2022-06-17,0.06188973215293394
BABA,2022-07-15,0.07084637794785244
BABA,2022-08-19,0.05793887246474179
BABA,2022-09-16,0.032921493711648785
BABA,2022-10-21,0.04189978624904702
BABA,2022-11-18,0.04993368000338869
BABA,2022-12-16,0.05450208718793785
BABA,2023-01-20,0.024269599139285968
BABA,2023-02-17,0.030315412138375852
BABA,2023-03-17,0.006289086823555415
BABA,2023-04-06,0.013363516552562767
BABA,2023-04-21,0.0047466337670126054
BABA,2023-05-19,0.02452395275701795
BABA,2023-06-16,0.00305436138568887
BABA,2023-07-21,0.003994891628795264
BABA,2023-08-18,0.014227823170762018
BABA,2023-09-15,0.015845583347810974
BABA,2023-10-20,0.03181250906901076
BABA,2023-11-17,0.013704672137479734
BABA,2023-12-15,0.004999558768468168
BABA,2024-01-19,0.02981070090055898
BABA,2024-02-16,0.0268911676003608
BABA,2024-03-15,0.014064766014315853
BABA,2024-03-28,0.024412307263669882
BABA,2024-04-19,0.017725064185509554
BABA,2024-05-17,0.014987571248361394
BABA,2024-06-21,0.025244151581611054
BABA,2024-07-19,0.0014291921012318646
BABA,2024-08-16,0.013142233731035917
BABA,2024-09-20,0.007806902526976941
BABA,2024-10-18,0.0023575359501990926
BABA,2024-11-15,0.01537166898656222
BABA,2024-12-20,0.034852613107623526
BABA,2025-01-17,0.031823081056897726
COIN,2019-02-15,
COIN,2019-03-15,
COIN,2019-04-18,
COIN,2019-05-17,
COIN,2019-06-21,
COIN,2019-07-19,
COIN,2019-08-16,
COIN,2019-09-20,
COIN,2019-10-18,
COIN,2019-11-15,
COIN,2019-12-20,
COIN,2020-01-17,
COIN,2020-02-21,
COIN,2020-03-20,
COIN,2020-04-17,
COIN,2020-05-15,
COIN,2020-06-19,
COIN,2020-07-17,
COIN,2020-08-21,
COIN,2020-09-18,
COIN,2020-10-16,
COIN,2020-11-20,
COIN,2020-12-18,
COIN,2021-01-15,
COIN,2021-02-19,
COIN,2021-03-19,
COIN,2021-04-16,
COIN,2021-05-21,
COIN,2021-06-18,
COIN,2021-07-16,
COIN,2021-08-20,
COIN,2021-09-17,
COIN,2021-10-15,
COIN,2021-11-19,
COIN,2021-12-17,
COIN,2022-01-21,0.00835145523919377
COIN,2022-02-18,0.018811579284870934
COIN,2022-03-18,0.02726743775792989
COIN,2022-04-14,0.036971594592817666
COIN,2022-05-20,0.04240332442771575
COIN,2022-06-17,0.028742071645863013
COIN,2022-07-15,0.07898776956920245
COIN,2022-08-19,0.09868448889258116
COIN,2022-09-16,0.10401913668430919
COIN,2022-10-21,0.05103858051586265
COIN,2022-11-18,0.06411061058923477
COIN,2022-12-16,0.10239382543849594
COIN,2023-01-20,0.1020870188590206
COIN,2023-02-17,0.11283171476766496
COIN,2023-03-17,0.07326586979525061
COIN,2023-04-06,0.03655770232142648
COIN,2023-04-21,0.022016323135021755
COIN,2023-05-19,0.019907934416808805
COIN,2023-06-16,0.041562436404144566
COIN,2023-07-21,0.036981343652010695
COIN,2023-08-18,0.02322392263974478
COIN,2023-09-15,0.06234891233167223
COIN,2023-10-20,0.055331930905788654
COIN,2023-11-17,0.08598295877603719
COIN,2023-12-15,0.09484981970130658
COIN,2024-01-19,0.09709017108585462
COIN,2024-02-16,0.12053802448650262
COIN,2024-03-15,0.10017055245926013
COIN,2024-03-28,0.13977695050347366
COIN,2024-04-19,0.17750979409808584
COIN,2024-05-17,0.1868302327162051
COIN,2024-06-21,0.18221990829232818
COIN,2024-07-19,0.095560351025436
COIN,2024-08-16,0.1350011994669673
COIN,2024-09-20,0.12481607748530706
COIN,2024-10-18,0.12201283777107053
COIN,2024-11-15,0.07907059337661777
COIN,2024-12-20,0.04530880801522648
COIN,2025-01-17,0.09587034586790737
F,2019-02-15,0.030666208220721112
F,2019-03-15,0.01969893730849128
F,2019-04-18,0.021665598751918393
F,2019-05-17,0.020870229211078405
F,2019-06-21,0.013235030012577965
F,2019-07-19,0.008033670252760078
F,2019-08-16,0.002999462028612979
F,2019-09-20,0.00999912164472711
F,2019-10-18,0.005273428929531148
F,2019-11-15,0.009236204890553918
F,2019-12-20,0.0007900006460406631
F,2020-01-17,0.007849615670578331
F,2020-02-21,0.01316127184067181
F,2020-03-20,0.010190195204173635
F,2020-04-17,0.0010035131292934964
F,2020-05-15,0.05308943315938568
F,2020-06-19,0.0521431896882409
F,2020-07-17,0.04991647555117003
F,2020-08-21,0.025137732509861156
F,2020-09-18,0.005121313690638063
F,2020-10-16,0.007848910923079377
F,2020-11-20,0.0021008499763824503
F,2020-12-18,0.00533819157470787
F,2021-01-15,0.013242337451726083
F,2021-02-19,0.018240814295694675
F,2021-03-19,0.04045559042609483
F,2021-04-16,0.09202207373661792
F,2021-05-21,0.09089415394518971
F,2021-06-18,0.08999465229652616
F,2021-07-16,0.06508067831712931
F,2021-08-20,0.07406411292676661
F,2021-09-17,0.06965136593930095
F,2021-10-15,0.05510832349231618
F,2021-11-19,0.05610042607871102
F,2021-12-17,0.0556917716368969
F,2022-01-21,0.07719549087629708
F,2022-02-18,0.06995408388384851
F,2022-03-18,0.06449846549513295
F,2022-04-14,0.03880968002580349
F,2022-05-20,0.03565367270890595
F,2022-06-17,0.027929999609465374
F,2022-07-15,0.004256212697791831
F,2022-08-19,0.010897847078265587
F,2022-09-16,0.0010714424326423444
F,2022-10-21,0.0316825570585824
F,2022-11-18,0.010682227568876186
F,2022-12-16,0.032550134957824
F,2023-01-20,0.01969290519653436
F,2023-02-17,0.03125162051335577
F,2023-03-17,0.019923961801249668
F,2023-04-06,0.009499745818114776
F,2023-04-21,0.01130839291411973
F,2023-05-19,0.008974310703536754
F,2023-06-16,0.016198066907802535
F,2023-07-21,0.013305247039936992
F,2023-08-18,0.0027403433787036176
F,2023-09-15,0.0017099095630644329
F,2023-10-20,0.006503523918037132
F,2023-11-17,0.003954544460472367
F,2023-12-15,0.006055181535715362
F,2024-01-19,0.010926674779440032
F,2024-02-16,0.0008044257945175099
F,2024-03-15,0.0002770515836967504
F,2024-03-28,0.008241600420312644
F,2024-04-19,0.009142374467747088
F,2024-05-17,0.018278957350528365
F,2024-06-21,0.01062818414286088
F,2024-07-19,0.005573664066063794
F,2024-08-16,0.0054504807812744745
F,2024-09-20,0.01925172195127024
F,2024-10-18,0.001549102776082445
F,2024-11-15,0.016348877310193077
F,2024-12-20,0.0004179538209121526
F,2025-01-17,0.008620845010246524
GOOGL,2019-02-15,0.008384934409245128
GOOGL,2019-03-15,0.0018941742740432083
GOOGL,2019-04-18,0.0005533447105433575
GOOGL,2019-05-17,0.00937741428163648
GOOGL,2019-06-21,0.013690241163159856
GOOGL,2019-07-19,0.002982047616130947
GOOGL,2019-08-16,0.005545502653450844
GOOGL,2019-09-20,0.004657962713789498
GOOGL,2019-10-18,0.0004953251167475974
GOOGL,2019-11-15,0.012048182336006918
GOOGL,2019-12-20,0.015303337645026035
GOOGL,2020-01-17,0.02342153738480479
GOOGL,2020-02-21,0.019996348487362182
GOOGL,2020-03-20,0.023789565426094127
GOOGL,2020-04-17,0.02288052919965958
GOOGL,2020-05-15,0.005038612782706392
GOOGL,2020-06-19,0.010959927339226098
GOOGL,2020-07-17,0.0236206735292542
GOOGL,2020-08-21,0.026017197485232083
GOOGL,2020-09-18,0.029389469205803674
GOOGL,2020-10-16,0.027671972086941367
GOOGL,2020-11-20,0.021495748668169543
GOOGL,2020-12-18,0.02159015044599588
GOOGL,2021-01-15,0.030176398179130818
GOOGL,2021-02-19,0.022961634392351507
GOOGL,2021-03-19,0.018271231007292502
GOOGL,2021-04-16,0.06225043713959271
GOOGL,2021-05-21,0.0466840005323738
GOOGL,2021-06-18,0.05136470584285713
GOOGL,2021-07-16,0.04705156653944449
GOOGL,2021-08-20,0.046970531951709235
GOOGL,2021-09-17,0.04721907372784404
GOOGL,2021-10-15,0.05857368735201645
GOOGL,2021-11-19,0.05970357791694536
GOOGL,2021-12-17,0.04627683129432591
GOOGL,2022-01-21,0.05280567358419268
GOOGL,2022-02-18,0.05003426450457695
GOOGL,2022-03-18,0.02333519204287933
GOOGL,2022-04-14,0.026457734897192133
GOOGL,2022-05-20,0.015480156881406077
GOOGL,2022-06-17,0.011937292649097002
GOOGL,2022-07-15,0.00675808511644661
GOOGL,2022-08-19,0.014269934789924383
GOOGL,2022-09-16,0.01676361603228551
GOOGL,2022-10-21,0.014002662861936884
GOOGL,2022-11-18,0.02550330408661902
GOOGL,2022-12-16,0.0336956881853076
GOOGL,2023-01-20,0.03188745726341225
GOOGL,2023-02-17,0.03180972611552867
GOOGL,2023-03-17,0.029094466170243773
GOOGL,2023-04-06,0.027582744998846973
GOOGL,2023-04-21,0.020324839477321797
GOOGL,2023-05-19,0.002909658426289763
GOOGL,2023-06-16,0.0013868482424109964
GOOGL,2023-07-21,0.012815362544944723
GOOGL,2023-08-18,0.006413769750495296
GOOGL,2023-09-15,0.015190467704532161
GOOGL,2023-10-20,0.02596333730143119
GOOGL,2023-11-17,0.033151221412743896
GOOGL,2023-12-15,0.039852682452311335
GOOGL,2024-01-19,0.037120327059463484
GOOGL,2024-02-16,0.03140402764118373
GOOGL,2024-03-15,0.034777005099786915
GOOGL,2024-03-28,0.030566459633096163
GOOGL,2024-04-19,0.030063030755777896
GOOGL,2024-05-17,0.019854857009261997
GOOGL,2024-06-21,0.02127937464545624
GOOGL,2024-07-19,0.03614783096575143
GOOGL,2024-08-16,0.029078601702798936
GOOGL,2024-09-20,0.024071547055323095
GOOGL,2024-10-18,0.015916560673368784
GOOGL,2024-11-15,0.016931154641034573
GOOGL,2024-12-20,0.02068699053641648
GOOGL,2025-01-17,0.019793973932524748
INTC,2019-02-15,0.0038911746974582854
INTC,2019-03-15,0.006797081797706509
INTC,2019-04-18,0.0013664713863043526
INTC,2019-05-17,0.0036778283411480484
INTC,2019-06-21,0.007878790202924944
INTC,2019-07-19,0.013559900458824724
INTC,2019-08-16,0.004418314288444736
INTC,2019-09-20,0.009291747316279676
INTC,2019-10-18,0.001515575054489273
INTC,2019-11-15,0.017487585714345732
INTC,2019-12-20,0.01165114305510914
INTC,2020-01-17,0.026937617606298477
INTC,2020-02-21,0.021324492448180434
INTC,2020-03-20,0.019602064941893094
INTC,2020-04-17,0.02371920086443721
INTC,2020-05-15,0.01208976022604056
INTC,2020-06-19,0.03752429821459009
INTC,2020-07-17,0.0316525629633883
INTC,2020-08-21,0.027893576045773028
INTC,2020-09-18,0.03418957551494919
INTC,2020-10-16,0.007186901996587528
INTC,2020-11-20,0.008801887274932
INTC,2020-12-18,0.004749071476002554
INTC,2021-01-15,0.009380620118213895
INTC,2021-02-19,0.0020235173160354906
INTC,2021-03-19,0.004589460707223719
INTC,2021-04-16,0.035309584979629056
INTC,2021-05-21,0.009051603837148809
INTC,2021-06-18,0.01344898666255321
INTC,2021-07-16,0.0007711666769098059
INTC,2021-08-20,0.0026497198783016988
INTC,2021-09-17,0.01579732331108118
INTC,2021-10-15,0.008181708013262023
INTC,2021-11-19,0.005947612565675452
INTC,2021-12-17,0.018299468526916954
INTC,2022-01-21,0.001158388925432458
INTC,2022-02-18,0.01217292774334442
INTC,2022-03-18,0.013629874358325977
INTC,2022-04-14,0.02456673511777502
INTC,2022-05-20,0.027228636581377693
INTC,2022-06-17,0.01479793500903882
INTC,2022-07-15,0.026465594926614266
INTC,2022-08-19,0.03439328246698812
INTC,2022-09-16,0.02800306397867318
INTC,2022-10-21,0.03578654978183394
INTC,2022-11-18,0.05272776891605686
INTC,2022-12-16,0.05431024760309273
INTC,2023-01-20,0.043133814943969055
INTC,2023-02-17,0.05363147562430229
INTC,2023-03-17,0.04157032368438863
INTC,2023-04-06,0.04145229507179362
INTC,2023-04-21,0.03481861184182857
INTC,2023-05-19,0.01716707562563595
INTC,2023-06-16,0.012516362528861064
INTC,2023-07-21,0.016893282920364818
INTC,2023-08-18,0.005553596843587179
INTC,2023-09-15,0.0178188118351985
INTC,2023-10-20,0.024366680125982896
INTC,2023-11-17,0.028078992254484868
INTC,2023-12-15,0.029359894583926013
INTC,2024-01-19,0.04468078713495574
INTC,2024-02-16,0.04922220362215147
INTC,2024-03-15,0.045978188553777465
INTC,2024-03-28,0.03276373290493626
INTC,2024-04-19,0.035535935188232594
INTC,2024-05-17,0.041181105216218365
INTC,2024-06-21,0.00424247255306826
INTC,2024-07-19,0.0026511707079966067
INTC,2024-08-16,0.0008014165094665338
INTC,2024-09-20,0.00357369863710566
INTC,2024-10-18,0.033489492021843884
INTC,2024-11-15,0.05108562102735909
INTC,2024-12-20,0.04933286899197963
INTC,2025-01-17,0.04197920402808374
MARA,2019-02-15,0.1624380622638294
MARA,2019-03-15,0.15245670870487357
MARA,2019-04-18,0.07728999099324926
MARA,2019-05-17,0.04990071539265071
MARA,2019-06-21,0.03477202101038485
MARA,2019-07-19,0.008730271422479285
MARA,2019-08-16,0.03303724110666308
MARA,2019-09-20,0.008251694141490074
MARA,2019-10-18,0.01863705876068183
MARA,2019-11-15,0.0006325273050034456
MARA,2019-12-20,0.018615086094505937
MARA,2020-01-17,0.010590508841663682
MARA,2020-02-21,0.014712243278436565
MARA,2020-03-20,0.04688124297015453
MARA,2020-04-17,0.05733647498924233
MARA,2020-05-15,0.1301704261561846
MARA,2020-06-19,0.14909710421512237
MARA,2020-07-17,0.028621836391612764
MARA,2020-08-21,0.031078836608377444
MARA,2020-09-18,0.012236807732338584
MARA,2020-10-16,0.22961926749388828
MARA,2020-11-20,0.20307473909588533
MARA,2020-12-18,0.24314681552320402
MARA,2021-01-15,0.28960629088083123
MARA,2021-02-19,0.47262254079382066
MARA,2021-03-19,0.6145474112318133
MARA,2021-04-16,0.7250220369135807
MARA,2021-05-21,0.7357783934017825
MARA,2021-06-18,0.6461380005044188
MARA,2021-07-16,0.6024524494781399
MARA,2021-08-20,0.6310970176975019
MARA,2021-09-17,0.37845745348891097
MARA,2021-10-15,0.44126339961334743
MARA,2021-11-19,0.43867738553273256
MARA,2021-12-17,0.4271614233295567
MARA,2022-01-21,0.25587241297922236
MARA,2022-02-18,0.08398778628964415
MARA,2022-03-18,0.004877638007740084
MARA,2022-04-14,0.002905781756923
MARA,2022-05-20,0.0008519835995051229
MARA,2022-06-17,0.027966212113612995
MARA,2022-07-15,0.05467962456008943
MARA,2022-08-19,0.07100586596769695
MARA,2022-09-16,0.07843969549119692
MARA,2022-10-21,0.005135882564829734
MARA,2022-11-18,0.04379865225252015
MARA,2022-12-16,0.06887351484932597
MARA,2023-01-20,0.06475556476925394
MARA,2023-02-17,0.07918887571785713
MARA,2023-03-17,0.019607011738670906
MARA,2023-04-06,0.024539615810249396
MARA,2023-04-21,0.004376584521604862
MARA,2023-05-19,0.04791367440957825
MARA,2023-06-16,0.0993429376342328
MARA,2023-07-21,0.07821912854597735
MARA,2023-08-18,0.008224713205136252
MARA,2023-09-15,0.08708759293039017
MARA,2023-10-20,0.07011772609232746
MARA,2023-11-17,0.07747941457323886
MARA,2023-12-15,0.09843639118622322
MARA,2024-01-19,0.05976768819125227
MARA,2024-02-16,0.13645230516855636
MARA,2024-03-15,0.12222896865656224
MARA,2024-03-28,0.1805994701013618
MARA,2024-04-19,0.13279773301682443
MARA,2024-05-17,0.1532838902563081
MARA,2024-06-21,0.12447908973035425
MARA,2024-07-19,0.07763687590899193
MARA,2024-08-16,0.10794101753910121
MARA,2024-09-20,0.13779534152989648
MARA,2024-10-18,0.1271316864284036
MARA,2024-11-15,0.10290120221505368
MARA,2024-12-20,0.04288994969965949
MARA,2025-01-17,0.0658502215651221
META,2019-02-15,0.023888359253398325
META,2019-03-15,0.013815238430358145
META,2019-04-18,0.006191798180847888
META,2019-05-17,0.005049635470230699
META,2019-06-21,0.0011803358410325789
META,2019-07-19,0.0011009491093259196
META,2019-08-16,0.005076456118614817
META,2019-09-20,0.014906887055875263
META,2019-10-18,0.01118765518748724
META,2019-11-15,0.021024831552642616
META,2019-12-20,0.027640377353745763
META,2020-01-17,0.03556235277192583
META,2020-02-21,0.03148462905231584
META,2020-03-20,0.028821963011058823
META,2020-04-17,0.022425654819980854
META,2020-05-15,0.008207966157186462
META,2020-06-19,0.0013429778938795136
META,2020-07-17,0.015870839440049998
META,2020-08-21,0.023279620432850753
META,2020-09-18,0.033438355793811596
META,2020-10-16,0.04027462486858533
META,2020-11-20,0.035359734339423715
META,2020-12-18,0.03828728649718067
META,2021-01-15,0.03433102048041505
META,2021-02-19,0.027913050993694354
META,2021-03-19,0.021308463674208435
META,2021-04-16,0.05613206685812758
META,2021-05-21,0.045521133556000695
META,2021-06-18,0.03928588169975327
META,2021-07-16,0.029667602871392747
META,2021-08-20,0.032852342331252046
META,2021-09-17,0.02440473765591954
META,2021-10-15,0.03201346301641897
META,2021-11-19,0.03236060329585695
META,2021-12-17,0.01938928371332753
META,2022-01-21,0.021687769918350794
META,2022-02-18,0.030222428618843642
META,2022-03-18,0.016454348875045186
META,2022-04-14,0.017919754908600913
META,2022-05-20,0.027390342540975075
META,2022-06-17,0.027449558247519348
META,2022-07-15,0.04257858325768459
META,2022-08-19,0.05918316133438262
META,2022-09-16,0.06359012821017512
META,2022-10-21,0.05862874860373784
META,2022-11-18,0.0608470078388425
META,2022-12-16,0.07461250689088407
META,2023-01-20,0.08747383492310967
META,2023-02-17,0.07866165067325372
META,2023-03-17,0.03174858849778442
META,2023-04-06,0.007574178657655236
META,2023-04-21,0.006426893187759888
META,2023-05-19,0.01935415584144894
META,2023-06-16,0.03449452460128455
META,2023-07-21,0.05050080357783668
META,2023-08-18,0.05382917474746288
META,2023-09-15,0.07357263766293765
META,2023-10-20,0.07928889564857335
META,2023-11-17,0.10165925275106184
META,2023-12-15,0.09814337068730837
META,2024-01-19,0.08870311188432524
META,2024-02-16,0.0641943437224546
META,2024-03-15,0.05878796673221916
META,2024-03-28,0.08196130633337437
META,2024-04-19,0.08274277733349476
META,2024-05-17,0.06870532331017193
META,2024-06-21,0.05728459863432329
META,2024-07-19,0.045434775641840536
META,2024-08-16,0.05614177813484626
META,2024-09-20,0.04296596450454173
META,2024-10-18,0.05439356920732821
META,2024-11-15,0.0518632824660414
META,2024-12-20,0.05503989072116001
META,2025-01-17,0.04335402515954649
MSFT,2019-02-15,0.011486967531119784
MSFT,2019-03-15,0.013032541985093212
MSFT,2019-04-18,0.012209463761010085
MSFT,2019-05-17,0.016886160365960176
MSFT,2019-06-21,0.02251614645172823
MSFT,2019-07-19,0.02290871057466509
MSFT,2019-08-16,0.025892486659135957
MSFT,2019-09-20,0.02271935197954831
MSFT,2019-10-18,0.015885159225197783
MSFT,2019-11-15,0.02496910918674095
MSFT,2019-12-20,0.025102003814223287
MSFT,2020-01-17,0.03543862288328963
MSFT,2020-02-21,0.03600717343412161
MSFT,2020-03-20,0.04144589571081543
MSFT,2020-04-17,0.04489052718826742
MSFT,2020-05-15,0.018633558085932922
MSFT,2020-06-19,0.03515703768197332
MSFT,2020-07-17,0.0312941974699475
MSFT,2020-08-21,0.0395973567484476
MSFT,2020-09-18,0.0449425684296387
MSFT,2020-10-16,0.04466929950437534
MSFT,2020-11-20,0.040614491124772556
MSFT,2020-12-18,0.04267181477416053
MSFT,2021-01-15,0.03497832759231738
MSFT,2021-02-19,0.031867186214283506
MSFT,2021-03-19,0.019231271298185523
MSFT,2021-04-16,0.052923540340257993
MSFT,2021-05-21,0.02618087477775566
MSFT,2021-06-18,0.035728770283795924
MSFT,2021-07-16,0.02321621015310802
MSFT,2021-08-20,0.02501543466499749
MSFT,2021-09-17,0.027277311946201824
MSFT,2021-10-15,0.03731308700931751
MSFT,2021-11-19,0.03239711975136839
MSFT,2021-12-17,0.03465780380629384
MSFT,2022-01-21,0.043228722733918624
MSFT,2022-02-18,0.04151962342913955
MSFT,2022-03-18,0.021868640440944002
MSFT,2022-04-14,0.023465966412645825
MSFT,2022-05-20,0.013529957718434267
MSFT,2022-06-17,0.01575085715986735
MSFT,2022-07-15,0.00046588024036719013
MSFT,2022-08-19,0.01041412544722889
MSFT,2022-09-16,0.012125034161597653
MSFT,2022-10-21,0.0018006116389049616
MSFT,2022-11-18,0.015097455843681919
MSFT,2022-12-16,0.030083713170641666
MSFT,2023-01-20,0.023594150952120495
MSFT,2023-02-17,0.014317450453326098
MSFT,2023-03-17,0.017276589907081676
MSFT,2023-04-06,0.0068353083930635964
MSFT,2023-04-21,0.0003773164431953453
MSFT,2023-05-19,0.01395474590006623
MSFT,2023-06-16,0.017454702997625447
MSFT,2023-07-21,0.024371966973154115
MSFT,2023-08-18,0.0199015257849228
MSFT,2023-09-15,0.03361282746352239
MSFT,2023-10-20,0.029172490642426382
MSFT,2023-11-17,0.03330354365021002
MSFT,2023-12-15,0.028565491560017267
MSFT,2024-01-19,0.04710724299338478
MSFT,2024-02-16,0.032787270586425804
MSFT,2024-03-15,0.03485618590046527
MSFT,2024-03-28,0.03510595133345679
MSFT,2024-04-19,0.038712532234255866
MSFT,2024-05-17,0.027604242917185995
MSFT,2024-06-21,0.015460099047026953
MSFT,2024-07-19,0.0195411897973263
MSFT,2024-08-16,0.03273699991456418
MSFT,2024-09-20,0.025389940555311033
MSFT,2024-10-18,0.023378267966894885
MSFT,2024-11-15,0.014885279744627751
MSFT,2024-12-20,0.012807173570790148
MSFT,2025-01-17,0.008084582786558537
MSTR,2019-02-15,0.011485653838913252
MSTR,2019-03-15,7.499208159126e-05
MSTR,2019-04-18,0.006370787368750721
MSTR,2019-05-17,0.010931409267819709
MSTR,2019-06-21,0.014222507892535298
MSTR,2019-07-19,0.005470111306066883
MSTR,2019-08-16,0.008952672636619353
MSTR,2019-09-20,0.008889606034500053
MSTR,2019-10-18,0.002953975350794689
MSTR,2019-11-15,0.018349946503625727
MSTR,2019-12-20,0.01488577918692834
MSTR,2020-01-17,0.02791689690657924
MSTR,2020-02-21,0.010956819597488166
MSTR,2020-03-20,0.007945117052381333
MSTR,2020-04-17,0.004699871614987325
MSTR,2020-05-15,0.022324846154659583
MSTR,2020-06-19,1.9015757071285464e-05
MSTR,2020-07-17,0.014451275527611334
MSTR,2020-08-21,0.006076623869159223
MSTR,2020-09-18,0.004860328799404446
MSTR,2020-10-16,0.005475605971602298
MSTR,2020-11-20,0.021821927623747704
MSTR,2020-12-18,0.014960794771608409
MSTR,2021-01-15,0.04917657699629219
MSTR,2021-02-19,0.08248377393633918
MSTR,2021-03-19,0.18229098178557193
MSTR,2021-04-16,0.25200566510644185
MSTR,2021-05-21,0.21665171580560053
MSTR,2021-06-18,0.2256550860381884
MSTR,2021-07-16,0.18778173472258394
MSTR,2021-08-20,0.21896053344618194
MSTR,2021-09-17,0.18631588435855184
MSTR,2021-10-15,0.19675670340278834
MSTR,2021-11-19,0.1896299728968562
MSTR,2021-12-17,0.174680232803695
MSTR,2022-01-21,0.14132163245453414
MSTR,2022-02-18,0.0195559366406294
MSTR,2022-03-18,0.04074554119210599
MSTR,2022-04-14,0.032083763641760535
MSTR,2022-05-20,0.02646357726545219
MSTR,2022-06-17,0.012566875236473969
MSTR,2022-07-15,0.06742753778582358
MSTR,2022-08-19,0.07581043616326844
MSTR,2022-09-16,0.07416122760696674
MSTR,2022-10-21,0.015117410709311134
MSTR,2022-11-18,0.05828989334933745
MSTR,2022-12-16,0.05701256531099783
MSTR,2023-01-20,0.05634867540728195
MSTR,2023-02-17,0.03142242343740153
MSTR,2023-03-17,0.00473042392409267
MSTR,2023-04-06,0.014333679718589091
MSTR,2023-04-21,0.005589199721296658
MSTR,2023-05-19,0.06275146389666295
MSTR,2023-06-16,0.08528121953029794
MSTR,2023-07-21,0.05871206818526175
MSTR,2023-08-18,0.0024299647208712934
MSTR,2023-09-15,0.08582926967816545
MSTR,2023-10-20,0.06473056286280895
MSTR,2023-11-17,0.08401452640855121
MSTR,2023-12-15,0.0755693467662388
MSTR,2024-01-19,0.0983576072967299
MSTR,2024-02-16,0.09000796013113212
MSTR,2024-03-15,0.08880502458980687
MSTR,2024-03-28,0.11327231115401575
MSTR,2024-04-19,0.2334667866844578
MSTR,2024-05-17,0.2488028247704336
MSTR,2024-06-21,0.21817701237374748
MSTR,2024-07-19,0.182331799640904
MSTR,2024-08-16,0.20332978326539897
MSTR,2024-09-20,0.20900047729120158
MSTR,2024-10-18,0.19627581240601025
MSTR,2024-11-15,0.16608437413339847
MSTR,2024-12-20,0.17938622169787458
MSTR,2025-01-17,0.2574347865187299
NFLX,2019-02-15,0.024434797114381346
NFLX,2019-03-15,0.03201235688244059
NFLX,2019-04-18,0.020285354455608196
NFLX,2019-05-17,0.016934956500695753
NFLX,2019-06-21,0.01794514729276248
NFLX,2019-07-19,0.00020602677830329106
NFLX,2019-08-16,0.008326002702406294
NFLX,2019-09-20,0.008799564996751406
NFLX,2019-10-18,0.011533780494680164
NFLX,2019-11-15,0.009708829303671208
NFLX,2019-12-20,0.007286171627884919
NFLX,2020-01-17,0.015369713428286162
NFLX,2020-02-21,0.0035675879645334515
NFLX,2020-03-20,0.0033297654816833795
NFLX,2020-04-17,0.009453608454792838
NFLX,2020-05-15,0.0022234828883217787
NFLX,2020-06-19,0.02594006588560874
NFLX,2020-07-17,0.025022772931443536
NFLX,2020-08-21,0.03660882470863593
NFLX,2020-09-18,0.060506398300454185
NFLX,2020-10-16,0.05823859438506273
NFLX,2020-11-20,0.05103990219004075
NFLX,2020-12-18,0.06606613613912216
NFLX,2021-01-15,0.043087489911704184
NFLX,2021-02-19,0.0503826449616863
NFLX,2021-03-19,0.032196754714151316
NFLX,2021-04-16,0.05350366278071399
NFLX,2021-05-21,0.016967145638324375
NFLX,2021-06-18,0.0243932002202792
NFLX,2021-07-16,0.014893400507304567
NFLX,2021-08-20,0.0013751771292936617
NFLX,2021-09-17,0.011846108213721824
NFLX,2021-10-15,0.017030963092351536
NFLX,2021-11-19,0.010315203825184855
NFLX,2021-12-17,0.027253725816370814
NFLX,2022-01-21,0.025123708104359075
NFLX,2022-02-18,0.01846510531749277
NFLX,2022-03-18,0.002867762748209021
NFLX,2022-04-14,0.017412581269987994
NFLX,2022-05-20,0.029004200231671273
NFLX,2022-06-17,0.026266453345374738
NFLX,2022-07-15,0.06897343813632448
NFLX,2022-08-19,0.08213048804175122
NFLX,2022-09-16,0.08150781637856147
NFLX,2022-10-21,0.05205010150653086
NFLX,2022-11-18,0.06301185984255184
NFLX,2022-12-16,0.05726792097630302
NFLX,2023-01-20,0.035949540785463856
NFLX,2023-02-17,0.0247121396753338
NFLX,2023-03-17,0.004976241365653717
NFLX,2023-04-06,0.01862224556359823
NFLX,2023-04-21,0.01321809322293176
NFLX,2023-05-19,0.06599589813510566
NFLX,2023-06-16,0.06650076519768876
NFLX,2023-07-21,0.07858736724962778
NFLX,2023-08-18,0.0600888527924946
NFLX,2023-09-15,0.06211628473081261
NFLX,2023-10-20,0.042302387857782404
NFLX,2023-11-17,0.03254221126214036
NFLX,2023-12-15,0.03433210975722065
NFLX,2024-01-19,0.04113874172086907
NFLX,2024-02-16,0.031643530019688094
NFLX,2024-03-15,0.0451758778847299
NFLX,2024-03-28,0.05596734557948722
NFLX,2024-04-19,0.06347636075942842
NFLX,2024-05-17,0.05071695327998475
NFLX,2024-06-21,0.03216312664150244
NFLX,2024-07-19,0.03375987398446881
NFLX,2024-08-16,0.05111483148147384
NFLX,2024-09-20,0.04686266423523249
NFLX,2024-10-18,0.04942503619499852
NFLX,2024-11-15,0.04031033270064583
NFLX,2024-12-20,0.037597985059707684
NFLX,2025-01-17,0.054381522600466914
NIO,2019-02-15,
NIO,2019-03-15,
NIO,2019-04-18,
NIO,2019-05-17,
NIO,2019-06-21,0.02979071828669512
NIO,2019-07-19,0.0247861408453828
NIO,2019-08-16,0.06157791264297274
NIO,2019-09-20,0.03670590329789548
NIO,2019-10-18,0.08290095882629558
NIO,2019-11-15,0.06062126585572117
NIO,2019-12-20,0.1067757129863391
NIO,2020-01-17,0.07856237247454124
NIO,2020-02-21,0.037411075113815494
NIO,2020-03-20,0.014366581205079963
NIO,2020-04-17,0.02970100823832639
NIO,2020-05-15,0.011291136953804449
NIO,2020-06-19,0.0431361981056849
NIO,2020-07-17,0.0844309556290138
NIO,2020-08-21,0.16344415107437232
NIO,2020-09-18,0.2525415145275639
NIO,2020-10-16,0.24941644486471234
NIO,2020-11-20,0.33392669516503326
NIO,2020-12-18,0.35717888442444007
NIO,2021-01-15,0.3779879110682701
NIO,2021-02-19,0.3126691317992192
NIO,2021-03-19,0.3443448038478005
NIO,2021-04-16,0.37484619757193144
NIO,2021-05-21,0.3202361459656735
NIO,2021-06-18,0.30160480988353444
NIO,2021-07-16,0.19992699401285474
NIO,2021-08-20,0.1615018086206999
NIO,2021-09-17,0.14853656187739722
NIO,2021-10-15,0.09673969950866704
NIO,2021-11-19,0.057434284269816754
NIO,2021-12-17,0.010554887606091053
NIO,2022-01-21,0.0006205533811803281
NIO,2022-02-18,0.049747081251045766
NIO,2022-03-18,0.04297082542348187
NIO,2022-04-14,0.03535499832445033
NIO,2022-05-20,0.04401562626570481
NIO,2022-06-17,0.03289629924250337
NIO,2022-07-15,0.08414035122132361
NIO,2022-08-19,0.06332551133888664
NIO,2022-09-16,0.03908166585452568
NIO,2022-10-21,0.04600906227365562
NIO,2022-11-18,0.03671811203805919
NIO,2022-12-16,0.08660126727140746
NIO,2023-01-20,0.06934820990950107
NIO,2023-02-17,0.056197075845738985
NIO,2023-03-17,0.050928348217067716
NIO,2023-04-06,0.03412655205513624
NIO,2023-04-21,0.05693244290031286
NIO,2023-05-19,0.03527327326130147
NIO,2023-06-16,0.05592358431186651
NIO,2023-07-21,0.06983747879880718
NIO,2023-08-18,0.042012490995047
NIO,2023-09-15,0.04439656356952951
NIO,2023-10-20,0.010543959984498096
NIO,2023-11-17,0.004176326703848417
NIO,2023-12-15,0.02969224436106931
NIO,2024-01-19,0.02462651635009482
NIO,2024-02-16,0.0140796492718115
NIO,2024-03-15,0.017276827618468736
NIO,2024-03-28,0.024947049335784642
NIO,2024-04-19,0.025660775449053753
NIO,2024-05-17,0.035435949014282424
NIO,2024-06-21,0.07138022976503339
NIO,2024-07-19,0.047665392637960706
NIO,2024-08-16,0.07413332464864926
NIO,2024-09-20,0.060870583653018964
NIO,2024-10-18,0.05152835244629706
NIO,2024-11-15,0.010834440491257228
NIO,2024-12-20,0.020694300800707523
NIO,2025-01-17,0.015129580328403391
NVDA,2019-02-15,0.03641040801221196
NVDA,2019-03-15,0.03416214299033999
NVDA,2019-04-18,0.03352581095999598
NVDA,2019-05-17,0.019635566203133427
NVDA,2019-06-21,0.015113988303659075
NVDA,2019-07-19,0.03531448291761699
NVDA,2019-08-16,0.03370249658399034
NVDA,2019-09-20,0.026167760341436804
NVDA,2019-10-18,0.040726495687760454
NVDA,2019-11-15,0.01438004802039796
NVDA,2019-12-20,0.00862990408841398
NVDA,2020-01-17,0.046107587775723276
NVDA,2020-02-21,0.04604763044389293
NVDA,2020-03-20,0.04956455818059111
NVDA,2020-04-17,0.06490364984062162
NVDA,2020-05-15,0.024780157078638173
NVDA,2020-06-19,0.07282182325075413
NVDA,2020-07-17,0.08445884241349605
NVDA,2020-08-21,0.08841574339552126
NVDA,2020-09-18,0.10889393508884097
NVDA,2020-10-16,0.10967618170526441
NVDA,2020-11-20,0.10317682118704208
NVDA,2020-12-18,0.10691276285631236
NVDA,2021-01-15,0.09234176615228572
NVDA,2021-02-19,0.08647148392452192
NVDA,2021-03-19,0.06368271187474446
NVDA,2021-04-16,0.10309132720746356
NVDA,2021-05-21,0.05528990414942207
NVDA,2021-06-18,0.07150923322083977
NVDA,2021-07-16,0.049476494939924426
NVDA,2021-08-20,0.0655990837961805
NVDA,2021-09-17,0.049108583133408594
NVDA,2021-10-15,0.05068052458164512
NVDA,2021-11-19,0.050914511303263826
NVDA,2021-12-17,0.05233454463380414
NVDA,2022-01-21,0.09451232596958313
NVDA,2022-02-18,0.08603637250793737
NVDA,2022-03-18,0.06125034270333625
NVDA,2022-04-14,0.07550810598051694
NVDA,2022-05-20,0.05206864413560015
NVDA,2022-06-17,0.05125025129414724
NVDA,2022-07-15,0.005290847342733673
NVDA,2022-08-19,0.004300194782333274
NVDA,2022-09-16,0.009621359850494554
NVDA,2022-10-21,0.0007304810121024706
NVDA,2022-11-18,0.02700302711806238
NVDA,2022-12-16,0.07367926184854866
NVDA,2023-01-20,0.03827594171460009
NVDA,2023-02-17,0.017313417986558177
NVDA,2023-03-17,0.01966012599741843
NVDA,2023-04-06,0.007777022412287807
NVDA,2023-04-21,0.03180772065433377
NVDA,2023-05-19,0.05737294666937227
NVDA,2023-06-16,0.06621252357137733
NVDA,2023-07-21,0.08288851553135497
NVDA,2023-08-18,0.09427110459992548
NVDA,2023-09-15,0.12868156173440493
NVDA,2023-10-20,0.12950390580223212
NVDA,2023-11-17,0.1082291882218454
NVDA,2023-12-15,0.09389492456813454
NVDA,2024-01-19,0.11083129741863897
NVDA,2024-02-16,0.08035724256132014
NVDA,2024-03-15,0.08219977848087091
NVDA,2024-03-28,0.10218602337532846
NVDA,2024-04-19,0.12055758097127395
NVDA,2024-05-17,0.107599751080032
NVDA,2024-06-21,0.07048409661237218
NVDA,2024-07-19,0.07477523579778386
NVDA,2024-08-16,0.11421036501540902
NVDA,2024-09-20,0.10278270362476692
NVDA,2024-10-18,0.1110522356390191
NVDA,2024-11-15,0.09142639447336313
NVDA,2024-12-20,0.10820285432037942
NVDA,2025-01-17,0.09826391459651505
PLTR,2019-02-15,
PLTR,2019-03-15,
PLTR,2019-04-18,
PLTR,2019-05-17,
PLTR,2019-06-21,
PLTR,2019-07-19,
PLTR,2019-08-16,
PLTR,2019-09-20,
PLTR,2019-10-18,
PLTR,2019-11-15,
PLTR,2019-12-20,
PLTR,2020-01-17,
PLTR,2020-02-21,
PLTR,2020-03-20,
PLTR,2020-04-17,
PLTR,2020-05-15,
PLTR,2020-06-19,
PLTR,2020-07-17,
PLTR,2020-08-21,
PLTR,2020-09-18,
PLTR,2020-10-16,
PLTR,2020-11-20,
PLTR,2020-12-18,
PLTR,2021-01-15,
PLTR,2021-02-19,
PLTR,2021-03-19,
PLTR,2021-04-16,
PLTR,2021-05-21,
PLTR,2021-06-18,
PLTR,2021-07-16,0.14083155158814797
PLTR,2021-08-20,0.15127665239866744
PLTR,2021-09-17,0.12051047509669992
PLTR,2021-10-15,0.12094508032352815
PLTR,2021-11-19,0.13384132129722148
PLTR,2021-12-17,0.0370476287722403
PLTR,2022-01-21,0.013107936551753857
PLTR,2022-02-18,0.01875737759711554
PLTR,2022-03-18,0.038108963887847964
PLTR,2022-04-14,0.05153258907680459
PLTR,2022-05-20,0.044137945489832964
PLTR,2022-06-17,0.029883663584425665
PLTR,2022-07-15,0.08357924185234135
PLTR,2022-08-19,0.07636383822064018
PLTR,2022-09-16,0.07317530491622974
PLTR,2022-10-21,0.08744136322484151
PLTR,2022-11-18,0.08517741766501846
PLTR,2022-12-16,0.07419665233261988
PLTR,2023-01-20,0.06558411392047465
PLTR,2023-02-17,0.05442203245640434
PLTR,2023-03-17,0.040331538547358485
PLTR,2023-04-06,0.004325669404545323
PLTR,2023-04-21,0.024802465602695733
PLTR,2023-05-19,0.007544252733697954
PLTR,2023-06-16,0.016482333618411095
PLTR,2023-07-21,0.041948318697918506
PLTR,2023-08-18,0.07702827388257612
PLTR,2023-09-15,0.09125715913660039
PLTR,2023-10-20,0.07510178902928065
PLTR,2023-11-17,0.0906442213410599
PLTR,2023-12-15,0.10498540190138779
PLTR,2024-01-19,0.12305759712761817
PLTR,2024-02-16,0.07563023660692522
PLTR,2024-03-15,0.08279122995266536
PLTR,2024-03-28,0.13273580000967103
PLTR,2024-04-19,0.12729301065192622
PLTR,2024-05-17,0.08754608561591876
PLTR,2024-06-21,0.037375873367030826
PLTR,2024-07-19,0.03671059550071416
PLTR,2024-08-16,0.06894370891750241
PLTR,2024-09-20,0.06910487639403608
PLTR,2024-10-18,0.07023062741068185
PLTR,2024-11-15,0.07212530109391885
PLTR,2024-12-20,0.09206004101721943
PLTR,2025-01-17,0.13828218100561135
RIVN,2019-02-15,
RIVN,2019-03-15,
RIVN,2019-04-18,
RIVN,2019-05-17,
RIVN,2019-06-21,
RIVN,2019-07-19,
RIVN,2019-08-16,
RIVN,2019-09-20,
RIVN,2019-10-18,
RIVN,2019-11-15,
RIVN,2019-12-20,
RIVN,2020-01-17,
RIVN,2020-02-21,
RIVN,2020-03-20,
RIVN,2020-04-17,
RIVN,2020-05-15,
RIVN,2020-06-19,
RIVN,2020-07-17,
RIVN,2020-08-21,
RIVN,2020-09-18,
RIVN,2020-10-16,
RIVN,2020-11-20,
RIVN,2020-12-18,
RIVN,2021-01-15,
RIVN,2021-02-19,
RIVN,2021-03-19,
RIVN,2021-04-16,
RIVN,2021-05-21,
RIVN,2021-06-18,
RIVN,2021-07-16,
RIVN,2021-08-20,
RIVN,2021-09-17,
RIVN,2021-10-15,
RIVN,2021-11-19,
RIVN,2021-12-17,
RIVN,2022-01-21,
RIVN,2022-02-18,
RIVN,2022-03-18,
RIVN,2022-04-14,
RIVN,2022-05-20,
RIVN,2022-06-17,
RIVN,2022-07-15,
RIVN,2022-08-19,0.132562710469052
RIVN,2022-09-16,0.09928696555838684
RIVN,2022-10-21,0.07291324253117712
RIVN,2022-11-18,0.056687407116292145
RIVN,2022-12-16,0.09765177147745559
RIVN,2023-01-20,0.08299634682340618
RIVN,2023-02-17,0.06934166633284923
RIVN,2023-03-17,0.09997380667637913
RIVN,2023-04-06,0.04007082598406284
RIVN,2023-04-21,0.06969521499335711
RIVN,2023-05-19,0.03629870046122108
RIVN,2023-06-16,0.040672359180921894
RIVN,2023-07-21,0.0470871551543788
RIVN,2023-08-18,0.050623188385509256
RIVN,2023-09-15,0.002831229549059223
RIVN,2023-10-20,0.006235818952590803
RIVN,2023-11-17,0.015983973979152907
RIVN,2023-12-15,0.01273946075185856
RIVN,2024-01-19,0.039683830561415355
RIVN,2024-02-16,0.045031808685176984
RIVN,2024-03-15,0.049656202009789326
RIVN,2024-03-28,0.04527716378096216
RIVN,2024-04-19,0.027974138939374896
RIVN,2024-05-17,0.021765719991745956
RIVN,2024-06-21,0.007515752637072331
RIVN,2024-07-19,0.05718340284540093
RIVN,2024-08-16,0.03827045930027588
RIVN,2024-09-20,0.005836475977394804
RIVN,2024-10-18,0.015151328059222107
RIVN,2024-11-15,0.015200454033621974
RIVN,2024-12-20,0.03924824564918669
RIVN,2025-01-17,0.010426788071550256
SOFI,2019-02-15,
SOFI,2019-03-15,
SOFI,2019-04-18,
SOFI,2019-05-17,
SOFI,2019-06-21,
SOFI,2019-07-19,
SOFI,2019-08-16,
SOFI,2019-09-20,
SOFI,2019-10-18,
SOFI,2019-11-15,
SOFI,2019-12-20,
SOFI,2020-01-17,
SOFI,2020-02-21,
SOFI,2020-03-20,
SOFI,2020-04-17,
SOFI,2020-05-15,
SOFI,2020-06-19,
SOFI,2020-07-17,
SOFI,2020-08-21,
SOFI,2020-09-18,
SOFI,2020-10-16,
SOFI,2020-11-20,
SOFI,2020-12-18,
SOFI,2021-01-15,
SOFI,2021-02-19,
SOFI,2021-03-19,
SOFI,2021-04-16,
SOFI,2021-05-21,
SOFI,2021-06-18,
SOFI,2021-07-16,
SOFI,2021-08-20,
SOFI,2021-09-17,
SOFI,2021-10-15,0.04923459120192848
SOFI,2021-11-19,0.057271078383850975
SOFI,2021-12-17,0.07812462106224621
SOFI,2022-01-21,0.07542419344690468
SOFI,2022-02-18,0.00428153851210196
SOFI,2022-03-18,0.018942035037736768
SOFI,2022-04-14,0.01611355808373655
SOFI,2022-05-20,0.03119875572348936
SOFI,2022-06-17,0.05630098387610527
SOFI,2022-07-15,0.07587361003582432
SOFI,2022-08-19,0.07574623070471101
SOFI,2022-09-16,0.05609635827944159
SOFI,2022-10-21,0.0553032064367098
SOFI,2022-11-18,0.08314190320817431
SOFI,2022-12-16,0.10739904870615759
SOFI,2023-01-20,0.07284236651780292
SOFI,2023-02-17,0.09016613375631909
SOFI,2023-03-17,0.05776009367714468
SOFI,2023-04-06,0.006971338846222989
SOFI,2023-04-21,0.013634455770717303
SOFI,2023-05-19,0.010469530879955906
SOFI,2023-06-16,0.019126152074288683
SOFI,2023-07-21,0.0012392875968998912
SOFI,2023-08-18,0.06724630507253104
SOFI,2023-09-15,0.07111115495034959
SOFI,2023-10-20,0.07709739041519663
SOFI,2023-11-17,0.08092048964651886
SOFI,2023-12-15,0.07932950057346837
SOFI,2024-01-19,0.0530528515802369
SOFI,2024-02-16,0.06406403728204008
SOFI,2024-03-15,0.06421573354840486
SOFI,2024-03-28,0.07311901349201079
SOFI,2024-04-19,0.054494998558208246
SOFI,2024-05-17,0.07154524280581044
SOFI,2024-06-21,0.011625590537875203
SOFI,2024-07-19,0.011943476241197182
SOFI,2024-08-16,0.008288877901252817
SOFI,2024-09-20,0.0014207563872184318
SOFI,2024-10-18,0.005358218143913896
SOFI,2024-11-15,0.033159620583648027
SOFI,2024-12-20,0.014414333723417676
SOFI,2025-01-17,0.06670328766779293
TSLA,2019-02-15,0.0012097372127730958
TSLA,2019-03-15,0.013183884729501594
TSLA,2019-04-18,0.0040921106115044854
TSLA,2019-05-17,0.0070845130732121175
TSLA,2019-06-21,0.0059200619699808
TSLA,2019-07-19,0.03183951669743301
TSLA,2019-08-16,0.02577987988792234
TSLA,2019-09-20,0.016059850986749072
TSLA,2019-10-18,0.01958948173760333
TSLA,2019-11-15,0.003951263951332465
TSLA,2019-12-20,0.019500647513729173
TSLA,2020-01-17,0.019447513344929387
TSLA,2020-02-21,0.024475236824031986
TSLA,2020-03-20,0.06049818611312536
TSLA,2020-04-17,0.13295499043881612
TSLA,2020-05-15,0.09114247749530424
TSLA,2020-06-19,0.17303148256766845
TSLA,2020-07-17,0.1835894812296908
TSLA,2020-08-21,0.19225305348657998
TSLA,2020-09-18,0.2508170699444955
TSLA,2020-10-16,0.2681272177038163
TSLA,2020-11-20,0.26769809014644647
TSLA,2020-12-18,0.2428394265410914
TSLA,2021-01-15,0.23881300645242193
TSLA,2021-02-19,0.24270655260249122
TSLA,2021-03-19,0.2005923021114163
TSLA,2021-04-16,0.24207806730346243
TSLA,2021-05-21,0.1590712740272827
TSLA,2021-06-18,0.16390778358295985
TSLA,2021-07-16,0.12249253236476353
TSLA,2021-08-20,0.08213788006028878
TSLA,2021-09-17,0.05678849968533291
TSLA,2021-10-15,0.05474713187675196
TSLA,2021-11-19,0.06055713184993668
TSLA,2021-12-17,0.057717226385013705
TSLA,2022-01-21,0.06008774148426397
TSLA,2022-02-18,0.019826895473294637
TSLA,2022-03-18,0.032827534415091425
TSLA,2022-04-14,0.03738163247669453
TSLA,2022-05-20,0.024962247220302006
TSLA,2022-06-17,0.05939866966437761
TSLA,2022-07-15,0.026951191215443596
TSLA,2022-08-19,0.012952797968620417
TSLA,2022-09-16,0.02051322966921142
TSLA,2022-10-21,0.033865538433429015
TSLA,2022-11-18,0.026764381063265893
TSLA,2022-12-16,0.03299837751259993
TSLA,2023-01-20,0.029521368624720434
TSLA,2023-02-17,0.04897887976203505
TSLA,2023-03-17,0.05562188355983902
TSLA,2023-04-06,0.001607365666468423
TSLA,2023-04-21,0.025391596932372727
TSLA,2023-05-19,0.00312217864067623
TSLA,2023-06-16,0.0010675273263584981
TSLA,2023-07-21,0.001935712565305074
TSLA,2023-08-18,0.014043553266411733
TSLA,2023-09-15,0.01626617896727369
TSLA,2023-10-20,0.03003435291350729
TSLA,2023-11-17,0.06417142655718258
TSLA,2023-12-15,0.05840773135543393
TSLA,2024-01-19,0.08156083049834204
TSLA,2024-02-16,0.034834187371472064
TSLA,2024-03-15,0.028708830133616813
TSLA,2024-03-28,0.023118405226683323
TSLA,2024-04-19,0.01694735196700811
TSLA,2024-05-17,0.018889615627515847
TSLA,2024-06-21,0.036831286923031586
TSLA,2024-07-19,0.024214032858684773
TSLA,2024-08-16,0.005610469435204843
TSLA,2024-09-20,0.004702881877180861
TSLA,2024-10-18,0.010323059373369
TSLA,2024-11-15,0.017398132620560225
TSLA,2024-12-20,0.002019716524530984
TSLA,2025-01-17,0.053363366120548573
