option_symbol,expiration,strike,call_put,exercise_style,shares_per_contract,date,open,high,low,close
O:NIO230217C00002500,2023-02-17,2.5,call,american,100,2023-01-20,7.6,7.6,7.6,7.6
O:NIO230217C00005000,2023-02-17,5.0,call,american,100,2023-01-20,5.0,5.09,4.99,5.09
O:NIO230217C00007500,2023-02-17,7.5,call,american,100,2023-01-20,2.55,2.63,2.46,2.49
O:NIO230217C00010000,2023-02-17,10.0,call,american,100,2023-01-20,0.19,0.27,0.05,0.19
O:NIO230217C00012500,2023-02-17,12.5,call,american,100,2023-01-20,0.01,0.03,0.01,0.01
O:NIO230217C00015000,2023-02-17,15.0,call,american,100,2023-01-20,0.01,0.01,0.01,0.01
O:NIO230217C00017500,2023-02-17,17.5,call,american,100,2023-01-20,0.02,0.02,0.02,0.02
O:NIO230217C00020000,2023-02-17,20.0,call,american,100,2023-01-20,0.01,0.01,0.01,0.01
O:NIO230217C00022500,2023-02-17,22.5,call,american,100,2023-01-20,0.01,0.01,0.01,0.01
O:NIO230217C00025000,2023-02-17,25.0,call,american,100,2023-01-20,0.01,0.01,0.01,0.01
O:NIO230217C00030000,2023-02-17,30.0,call,american,100,2023-01-20,0.01,0.01,0.01,0.01
O:NIO230217C00035000,2023-02-17,35.0,call,american,100,2023-01-20,0.01,0.01,0.01,0.01
O:NIO230217C00040000,2023-02-17,40.0,call,american,100,2023-01-20,0.01,0.01,0.01,0.01
O:NIO230217C00045000,2023-02-17,45.0,call,american,100,2023-01-20,0.05,0.05,0.05,0.05
O:NIO230217P00002500,2023-02-17,2.5,put,american,100,2023-01-20,0.01,0.01,0.01,0.01
O:NIO230217P00005000,2023-02-17,5.0,put,american,100,2023-01-20,0.02,0.02,0.02,0.02
O:NIO230217P00007500,2023-02-17,7.5,put,american,100,2023-01-20,0.01,0.01,0.01,0.01
O:NIO230217P00010000,2023-02-17,10.0,put,american,100,2023-01-20,0.07,0.11,0.01,0.01
O:NIO230217P00012500,2023-02-17,12.5,put,american,100,2023-01-20,2.24,2.5,2.24,2.39
O:NIO230217P00015000,2023-02-17,15.0,put,american,100,2023-01-20,4.89,5.0,4.82,4.86
O:NIO230217P00017500,2023-02-17,17.5,put,american,100,2023-01-20,7.21,7.21,7.0,7.0
O:NIO230217P00020000,2023-02-17,20.0,put,american,100,2023-01-20,9.56,9.75,9.56,9.6
O:NIO230217P00022500,2023-02-17,22.5,put,american,100,2023-01-20,10.35,10.35,10.35,10.35
O:NIO230217P00025000,2023-02-17,25.0,put,american,100,2023-01-20,13.6,13.6,13.6,13.6
O:NIO230217P00030000,2023-02-17,30.0,put,american,100,2023-01-20,19.2,19.2,19.2,19.2
O:NIO230217P00035000,2023-02-17,35.0,put,american,100,2023-01-20,24.2,24.2,24.2,24.2
O:NIO230217P00040000,2023-02-17,40.0,put,american,100,2023-01-20,29.06,29.06,29.06,29.06
O:NIO230217P00045000,2023-02-17,45.0,put,american,100,2023-01-20,32.1,32.1,32.1,32.1
O:NIO230317C00002500,2023-03-17,2.5,call,american,100,2023-02-17,6.15,6.15,5.7,5.7
O:NIO230317C00005000,2023-03-17,5.0,call,american,100,2023-02-17,3.3,3.3,3.2,3.25
O:NIO230317C00007500,2023-03-17,7.5,call,american,100,2023-02-17,1.0,1.15,0.72,0.73
O:NIO230317C00010000,2023-03-17,10.0,call,american,100,2023-02-17,0.01,0.01,0.01,0.01
O:NIO230317C00012500,2023-03-17,12.5,call,american,100,2023-02-17,0.01,0.02,0.01,0.01
O:NIO230317C00015000,2023-03-17,15.0,call,american,100,2023-02-17,0.01,0.01,0.01,0.01
O:NIO230317C00017500,2023-03-17,17.5,call,american,100,2023-02-17,0.01,0.01,0.01,0.01
O:NIO230317C00020000,2023-03-17,20.0,call,american,100,2023-02-17,0.01,0.01,0.01,0.01
O:NIO230317C00022500,2023-03-17,22.5,call,american,100,2023-02-17,0.01,0.01,0.01,0.01
O:NIO230317C00025000,2023-03-17,25.0,call,american,100,2023-02-17,0.01,0.01,0.01,0.01
O:NIO230317C00030000,2023-03-17,30.0,call,american,100,2023-02-17,0.01,0.01,0.01,0.01
O:NIO230317C00035000,2023-03-17,35.0,call,american,100,2023-02-17,,,,
O:NIO230317C00040000,2023-03-17,40.0,call,american,100,2023-02-17,0.01,0.01,0.01,0.01
O:NIO230317C00045000,2023-03-17,45.0,call,american,100,2023-02-17,0.01,0.01,0.01,0.01
O:NIO230317P00002500,2023-03-17,2.5,put,american,100,2023-02-17,0.01,0.01,0.01,0.01
O:NIO230317P00005000,2023-03-17,5.0,put,american,100,2023-02-17,0.01,0.01,0.01,0.01
O:NIO230317P00007500,2023-03-17,7.5,put,american,100,2023-02-17,0.01,0.01,0.01,0.01
O:NIO230317P00010000,2023-03-17,10.0,put,american,100,2023-02-17,,,,
O:NIO230317P00012500,2023-03-17,12.5,put,american,100,2023-02-17,4.15,4.32,4.15,4.23
O:NIO230317P00015000,2023-03-17,15.0,put,american,100,2023-02-17,6.39,6.76,6.39,6.74
O:NIO230317P00017500,2023-03-17,17.5,put,american,100,2023-02-17,8.94,8.94,8.94,8.94
O:NIO230317P00020000,2023-03-17,20.0,put,american,100,2023-02-17,11.79,11.79,11.75,11.75
O:NIO230317P00022500,2023-03-17,22.5,put,american,100,2023-02-17,13.75,13.75,13.75,13.75
O:NIO230317P00025000,2023-03-17,25.0,put,american,100,2023-02-17,16.77,16.77,16.77,16.77
O:NIO230317P00030000,2023-03-17,30.0,put,american,100,2023-02-17,18.82,18.82,18.82,18.82
O:NIO230317P00035000,2023-03-17,35.0,put,american,100,2023-02-17,23.79,23.79,23.79,23.79
O:NIO230317P00040000,2023-03-17,40.0,put,american,100,2023-02-17,31.15,31.15,31.15,31.15
O:NIO230317P00045000,2023-03-17,45.0,put,american,100,2023-02-17,33.87,33.87,33.86,33.86
O:NIO230421C00002500,2023-04-21,2.5,call,american,100,2023-03-17,5.9,5.9,5.74,5.74
O:NIO230421C00005000,2023-04-21,5.0,call,american,100,2023-03-17,3.3,3.3,3.28,3.29
O:NIO230421C00007500,2023-04-21,7.5,call,american,100,2023-03-17,0.81,0.85,0.57,0.8
O:NIO230421C00010000,2023-04-21,10.0,call,american,100,2023-03-17,0.01,0.01,0.01,0.01
O:NIO230421C00012500,2023-04-21,12.5,call,american,100,2023-03-17,0.01,0.01,0.01,0.01
O:NIO230421C00015000,2023-04-21,15.0,call,american,100,2023-03-17,0.01,0.01,0.01,0.01
O:NIO230421C00017500,2023-04-21,17.5,call,american,100,2023-03-17,0.01,0.01,0.01,0.01
O:NIO230421C00020000,2023-04-21,20.0,call,american,100,2023-03-17,0.01,0.01,0.01,0.01
O:NIO230421P00002500,2023-04-21,2.5,put,american,100,2023-03-17,0.09,0.09,0.09,0.09
O:NIO230421P00005000,2023-04-21,5.0,put,american,100,2023-03-17,0.01,0.01,0.01,0.01
O:NIO230421P00007500,2023-04-21,7.5,put,american,100,2023-03-17,0.01,0.01,0.01,0.01
O:NIO230421P00010000,2023-04-21,10.0,put,american,100,2023-03-17,1.72,1.93,1.65,1.69
O:NIO230421P00012500,2023-04-21,12.5,put,american,100,2023-03-17,4.35,4.35,4.3,4.3
O:NIO230421P00015000,2023-04-21,15.0,put,american,100,2023-03-17,5.4,5.4,5.14,5.2
O:NIO230421P00017500,2023-04-21,17.5,put,american,100,2023-03-17,9.21,9.21,9.21,9.21
O:NIO230421P00020000,2023-04-21,20.0,put,american,100,2023-03-17,11.75,11.75,11.75,11.75
O:NIO230519C00002500,2023-05-19,2.5,call,american,100,2023-04-21,5.42,5.54,5.42,5.54
O:NIO230519C00005000,2023-05-19,5.0,call,american,100,2023-04-21,3.06,3.06,2.96,3.05
O:NIO230519C00007500,2023-05-19,7.5,call,american,100,2023-04-21,0.38,0.64,0.33,0.6
O:NIO230519C00010000,2023-05-19,10.0,call,american,100,2023-04-21,0.01,0.03,0.01,0.01
O:NIO230519C00012500,2023-05-19,12.5,call,american,100,2023-04-21,0.01,0.01,0.01,0.01
O:NIO230519C00015000,2023-05-19,15.0,call,american,100,2023-04-21,0.01,0.01,0.01,0.01
O:NIO230519C00017500,2023-05-19,17.5,call,american,100,2023-04-21,0.01,0.01,0.01,0.01
O:NIO230519C00020000,2023-05-19,20.0,call,american,100,2023-04-21,0.01,0.01,0.01,0.01
O:NIO230519C00022500,2023-05-19,22.5,call,american,100,2023-04-21,0.01,0.01,0.01,0.01
O:NIO230519C00025000,2023-05-19,25.0,call,american,100,2023-04-21,,,,
O:NIO230519C00030000,2023-05-19,30.0,call,american,100,2023-04-21,0.01,0.01,0.01,0.01
O:NIO230519C00035000,2023-05-19,35.0,call,american,100,2023-04-21,0.01,0.01,0.01,0.01
O:NIO230519C00040000,2023-05-19,40.0,call,american,100,2023-04-21,0.01,0.01,0.01,0.01
O:NIO230519P00002500,2023-05-19,2.5,put,american,100,2023-04-21,0.01,0.01,0.01,0.01
O:NIO230519P00005000,2023-05-19,5.0,put,american,100,2023-04-21,0.01,0.01,0.01,0.01
O:NIO230519P00007500,2023-05-19,7.5,put,american,100,2023-04-21,0.02,0.03,0.01,0.01
O:NIO230519P00010000,2023-05-19,10.0,put,american,100,2023-04-21,2.04,2.12,1.9,1.92
O:NIO230519P00012500,2023-05-19,12.5,put,american,100,2023-04-21,4.66,4.66,4.42,4.45
O:NIO230519P00015000,2023-05-19,15.0,put,american,100,2023-04-21,6.8,6.8,6.6,6.6
O:NIO230519P00017500,2023-05-19,17.5,put,american,100,2023-04-21,9.8,9.8,9.8,9.8
O:NIO230519P00020000,2023-05-19,20.0,put,american,100,2023-04-21,11.8,11.8,11.8,11.8
O:NIO230519P00022500,2023-05-19,22.5,put,american,100,2023-04-21,13.3,13.3,13.3,13.3
O:NIO230519P00025000,2023-05-19,25.0,put,american,100,2023-04-21,16.74,16.74,16.74,16.74
O:NIO230519P00030000,2023-05-19,30.0,put,american,100,2023-04-21,20.7,20.7,20.7,20.7
O:NIO230519P00035000,2023-05-19,35.0,put,american,100,2023-04-21,21.95,21.95,21.95,21.95
O:NIO230519P00040000,2023-05-19,40.0,put,american,100,2023-04-21,31.7,31.7,31.7,31.7
O:NIO230616C00001000,2023-06-16,1.0,call,american,100,2023-05-19,8.4,8.4,8.4,8.4
O:NIO230616C00002500,2023-06-16,2.5,call,american,100,2023-05-19,7.43,7.43,7.43,7.43
O:NIO230616C00004000,2023-06-16,4.0,call,american,100,2023-05-19,5.55,5.55,5.55,5.55
O:NIO230616C00005000,2023-06-16,5.0,call,american,100,2023-05-19,4.95,5.0,4.4,4.4
O:NIO230616C00006000,2023-06-16,6.0,call,american,100,2023-05-19,3.91,3.91,3.85,3.85
O:NIO230616C00007500,2023-06-16,7.5,call,american,100,2023-05-19,2.59,2.7,1.88,1.92
O:NIO230616C00009000,2023-06-16,9.0,call,american,100,2023-05-19,1.13,1.19,0.36,0.4
O:NIO230616C00010000,2023-06-16,10.0,call,american,100,2023-05-19,0.23,0.3,0.01,0.01
O:NIO230616C00011000,2023-06-16,11.0,call,american,100,2023-05-19,0.03,0.05,0.01,0.01
O:NIO230616C00012500,2023-06-16,12.5,call,american,100,2023-05-19,0.01,0.02,0.01,0.01
O:NIO230616C00014000,2023-06-16,14.0,call,american,100,2023-05-19,0.01,0.01,0.01,0.01
O:NIO230616C00015000,2023-06-16,15.0,call,american,100,2023-05-19,0.01,0.01,0.01,0.01
O:NIO230616C00016000,2023-06-16,16.0,call,american,100,2023-05-19,0.03,0.03,0.03,0.03
O:NIO230616C00017500,2023-06-16,17.5,call,american,100,2023-05-19,0.01,0.01,0.01,0.01
O:NIO230616C00020000,2023-06-16,20.0,call,american,100,2023-05-19,0.01,0.01,0.01,0.01
O:NIO230616C00022500,2023-06-16,22.5,call,american,100,2023-05-19,0.01,0.01,0.01,0.01
O:NIO230616C00025000,2023-06-16,25.0,call,american,100,2023-05-19,0.01,0.01,0.01,0.01
O:NIO230616C00030000,2023-06-16,30.0,call,american,100,2023-05-19,0.01,0.01,0.01,0.01
O:NIO230616C00035000,2023-06-16,35.0,call,american,100,2023-05-19,0.01,0.01,0.01,0.01
O:NIO230616C00040000,2023-06-16,40.0,call,american,100,2023-05-19,,,,
O:NIO230616C00045000,2023-06-16,45.0,call,american,100,2023-05-19,0.01,0.01,0.01,0.01
O:NIO230616P00001000,2023-06-16,1.0,put,american,100,2023-05-19,0.02,0.02,0.01,0.01
O:NIO230616P00002500,2023-06-16,2.5,put,american,100,2023-05-19,0.01,0.01,0.01,0.01
O:NIO230616P00004000,2023-06-16,4.0,put,american,100,2023-05-19,0.01,0.01,0.01,0.01
O:NIO230616P00005000,2023-06-16,5.0,put,american,100,2023-05-19,0.01,0.01,0.01,0.01
O:NIO230616P00006000,2023-06-16,6.0,put,american,100,2023-05-19,,,,
O:NIO230616P00007500,2023-06-16,7.5,put,american,100,2023-05-19,0.01,0.01,0.01,0.01
O:NIO230616P00009000,2023-06-16,9.0,put,american,100,2023-05-19,0.01,0.01,0.01,0.01
O:NIO230616P00010000,2023-06-16,10.0,put,american,100,2023-05-19,0.2,0.65,0.09,0.6
O:NIO230616P00011000,2023-06-16,11.0,put,american,100,2023-05-19,0.9,1.64,0.9,1.46
O:NIO230616P00012500,2023-06-16,12.5,put,american,100,2023-05-19,2.37,2.83,2.37,2.83
O:NIO230616P00014000,2023-06-16,14.0,put,american,100,2023-05-19,4.2,4.2,4.17,4.17
O:NIO230616P00015000,2023-06-16,15.0,put,american,100,2023-05-19,5.53,5.55,5.45,5.45
O:NIO230616P00016000,2023-06-16,16.0,put,american,100,2023-05-19,6.21,6.21,6.21,6.21
O:NIO230616P00017500,2023-06-16,17.5,put,american,100,2023-05-19,8.01,8.05,8.01,8.05
O:NIO230616P00020000,2023-06-16,20.0,put,american,100,2023-05-19,11.0,11.1,11.0,11.1
O:NIO230616P00022500,2023-06-16,22.5,put,american,100,2023-05-19,13.44,13.6,13.44,13.6
O:NIO230616P00025000,2023-06-16,25.0,put,american,100,2023-05-19,15.9,15.9,15.9,15.9
O:NIO230616P00030000,2023-06-16,30.0,put,american,100,2023-05-19,20.57,20.57,20.55,20.55
O:NIO230616P00035000,2023-06-16,35.0,put,american,100,2023-05-19,25.57,25.57,25.57,25.57
O:NIO230616P00040000,2023-06-16,40.0,put,american,100,2023-05-19,30.56,30.6,30.56,30.6
O:NIO230616P00045000,2023-06-16,45.0,put,american,100,2023-05-19,36.7,36.7,36.7,36.7
O:NIO230721C00001000,2023-07-21,1.0,call,american,100,2023-06-16,9.45,9.45,9.35,9.35
O:NIO230721C00002000,2023-07-21,2.0,call,american,100,2023-06-16,8.45,8.45,8.45,8.45
O:NIO230721C00003000,2023-07-21,3.0,call,american,100,2023-06-16,7.55,7.55,7.55,7.55
O:NIO230721C00004000,2023-07-21,4.0,call,american,100,2023-06-16,6.7,6.7,6.7,6.7
O:NIO230721C00005000,2023-07-21,5.0,call,american,100,2023-06-16,5.53,5.53,5.53,5.53
O:NIO230721C00006000,2023-07-21,6.0,call,american,100,2023-06-16,4.52,4.65,4.52,4.65
O:NIO230721C00007000,2023-07-21,7.0,call,american,100,2023-06-16,3.6,3.6,3.55,3.55
O:NIO230721C00008000,2023-07-21,8.0,call,american,100,2023-06-16,2.6,2.72,2.43,2.56
O:NIO230721C00009000,2023-07-21,9.0,call,american,100,2023-06-16,1.55,1.75,1.4,1.57
O:NIO230721C00010000,2023-07-21,10.0,call,american,100,2023-06-16,0.49,0.75,0.39,0.57
O:NIO230721C00011000,2023-07-21,11.0,call,american,100,2023-06-16,0.02,0.05,0.01,0.01
O:NIO230721C00012000,2023-07-21,12.0,call,american,100,2023-06-16,0.01,0.02,0.01,0.01
O:NIO230721C00013000,2023-07-21,13.0,call,american,100,2023-06-16,0.01,0.01,0.01,0.01
O:NIO230721C00014000,2023-07-21,14.0,call,american,100,2023-06-16,0.01,0.01,0.01,0.01
O:NIO230721C00015000,2023-07-21,15.0,call,american,100,2023-06-16,0.01,0.01,0.01,0.01
O:NIO230721C00016000,2023-07-21,16.0,call,american,100,2023-06-16,0.01,0.01,0.01,0.01
O:NIO230721C00017000,2023-07-21,17.0,call,american,100,2023-06-16,0.01,0.01,0.01,0.01
O:NIO230721P00001000,2023-07-21,1.0,put,american,100,2023-06-16,,,,
O:NIO230721P00002000,2023-07-21,2.0,put,american,100,2023-06-16,0.02,0.02,0.02,0.02
O:NIO230721P00003000,2023-07-21,3.0,put,american,100,2023-06-16,0.01,0.01,0.01,0.01
O:NIO230721P00004000,2023-07-21,4.0,put,american,100,2023-06-16,0.02,0.02,0.02,0.02
O:NIO230721P00005000,2023-07-21,5.0,put,american,100,2023-06-16,0.01,0.01,0.01,0.01
O:NIO230721P00006000,2023-07-21,6.0,put,american,100,2023-06-16,0.01,0.01,0.01,0.01
O:NIO230721P00007000,2023-07-21,7.0,put,american,100,2023-06-16,0.01,0.01,0.01,0.01
O:NIO230721P00008000,2023-07-21,8.0,put,american,100,2023-06-16,0.01,0.01,0.01,0.01
O:NIO230721P00009000,2023-07-21,9.0,put,american,100,2023-06-16,0.01,0.01,0.01,0.01
O:NIO230721P00010000,2023-07-21,10.0,put,american,100,2023-06-16,0.1,0.1,0.01,0.01
O:NIO230721P00011000,2023-07-21,11.0,put,american,100,2023-06-16,0.74,0.74,0.27,0.44
O:NIO230721P00012000,2023-07-21,12.0,put,american,100,2023-06-16,1.56,1.57,1.33,1.41
O:NIO230721P00013000,2023-07-21,13.0,put,american,100,2023-06-16,2.45,2.45,2.44,2.45
O:NIO230721P00014000,2023-07-21,14.0,put,american,100,2023-06-16,3.3,3.4,3.3,3.4
O:NIO230721P00015000,2023-07-21,15.0,put,american,100,2023-06-16,4.45,4.45,4.45,4.45
O:NIO230721P00016000,2023-07-21,16.0,put,american,100,2023-06-16,5.45,5.45,5.45,5.45
O:NIO230721P00017000,2023-07-21,17.0,put,american,100,2023-06-16,6.15,6.15,6.15,6.15
O:NIO230915C00002000,2023-09-15,2.0,call,american,100,2023-08-18,8.33,8.33,8.33,8.33
O:NIO230915C00003000,2023-09-15,3.0,call,american,100,2023-08-18,7.35,7.35,7.35,7.35
O:NIO230915C00004000,2023-09-15,4.0,call,american,100,2023-08-18,6.15,6.2,6.12,6.12
O:NIO230915C00005000,2023-09-15,5.0,call,american,100,2023-08-18,5.3,5.3,5.29,5.29
O:NIO230915C00006000,2023-09-15,6.0,call,american,100,2023-08-18,4.35,4.4,4.35,4.4
O:NIO230915C00007000,2023-09-15,7.0,call,american,100,2023-08-18,3.31,3.31,3.31,3.31
O:NIO230915C00008000,2023-09-15,8.0,call,american,100,2023-08-18,2.54,2.54,2.28,2.28
O:NIO230915C00009000,2023-09-15,9.0,call,american,100,2023-08-18,1.32,1.62,1.3,1.33
O:NIO230915C00010000,2023-09-15,10.0,call,american,100,2023-08-18,0.52,0.7,0.29,0.38
O:NIO230915C00011000,2023-09-15,11.0,call,american,100,2023-08-18,0.02,0.05,0.01,0.01
O:NIO230915C00012000,2023-09-15,12.0,call,american,100,2023-08-18,0.18,0.18,0.01,0.01
O:NIO230915C00013000,2023-09-15,13.0,call,american,100,2023-08-18,0.01,0.01,0.01,0.01
O:NIO230915C00014000,2023-09-15,14.0,call,american,100,2023-08-18,0.01,0.01,0.01,0.01
O:NIO230915C00015000,2023-09-15,15.0,call,american,100,2023-08-18,0.01,0.01,0.01,0.01
O:NIO230915C00016000,2023-09-15,16.0,call,american,100,2023-08-18,0.01,0.01,0.01,0.01
O:NIO230915C00017000,2023-09-15,17.0,call,american,100,2023-08-18,,,,
O:NIO230915C00018000,2023-09-15,18.0,call,american,100,2023-08-18,0.01,0.01,0.01,0.01
O:NIO230915C00019000,2023-09-15,19.0,call,american,100,2023-08-18,0.01,0.01,0.01,0.01
O:NIO230915C00020000,2023-09-15,20.0,call,american,100,2023-08-18,0.01,0.01,0.01,0.01
O:NIO230915C00021000,2023-09-15,21.0,call,american,100,2023-08-18,0.01,0.01,0.01,0.01
O:NIO230915C00022000,2023-09-15,22.0,call,american,100,2023-08-18,0.01,0.02,0.01,0.01
O:NIO230915C00025000,2023-09-15,25.0,call,american,100,2023-08-18,,,,
O:NIO230915P00002000,2023-09-15,2.0,put,american,100,2023-08-18,0.01,0.01,0.01,0.01
O:NIO230915P00003000,2023-09-15,3.0,put,american,100,2023-08-18,0.03,0.03,0.03,0.03
O:NIO230915P00004000,2023-09-15,4.0,put,american,100,2023-08-18,0.01,0.01,0.01,0.01
O:NIO230915P00005000,2023-09-15,5.0,put,american,100,2023-08-18,0.01,0.01,0.01,0.01
O:NIO230915P00006000,2023-09-15,6.0,put,american,100,2023-08-18,0.01,0.01,0.01,0.01
O:NIO230915P00007000,2023-09-15,7.0,put,american,100,2023-08-18,0.01,0.01,0.01,0.01
O:NIO230915P00008000,2023-09-15,8.0,put,american,100,2023-08-18,0.03,0.03,0.03,0.03
O:NIO230915P00009000,2023-09-15,9.0,put,american,100,2023-08-18,0.01,0.01,0.01,0.01
O:NIO230915P00010000,2023-09-15,10.0,put,american,100,2023-08-18,0.01,0.03,0.01,0.01
O:NIO230915P00011000,2023-09-15,11.0,put,american,100,2023-08-18,0.57,0.7,0.32,0.56
O:NIO230915P00012000,2023-09-15,12.0,put,american,100,2023-08-18,1.28,1.71,1.28,1.62
O:NIO230915P00013000,2023-09-15,13.0,put,american,100,2023-08-18,2.22,2.68,2.22,2.68
O:NIO230915P00014000,2023-09-15,14.0,put,american,100,2023-08-18,3.35,3.71,3.35,3.7
O:NIO230915P00015000,2023-09-15,15.0,put,american,100,2023-08-18,4.58,4.7,4.58,4.7
O:NIO230915P00016000,2023-09-15,16.0,put,american,100,2023-08-18,5.48,5.7,5.48,5.7
O:NIO230915P00017000,2023-09-15,17.0,put,american,100,2023-08-18,6.95,6.95,6.95,6.95
O:NIO230915P00018000,2023-09-15,18.0,put,american,100,2023-08-18,7.93,7.93,7.93,7.93
O:NIO230915P00019000,2023-09-15,19.0,put,american,100,2023-08-18,7.46,7.46,7.46,7.46
O:NIO230915P00020000,2023-09-15,20.0,put,american,100,2023-08-18,10.15,10.15,9.1,9.1
O:NIO230915P00021000,2023-09-15,21.0,put,american,100,2023-08-18,10.7,10.7,10.7,10.7
O:NIO230915P00022000,2023-09-15,22.0,put,american,100,2023-08-18,10.9,10.9,10.9,10.9
O:NIO230915P00025000,2023-09-15,25.0,put,american,100,2023-08-18,14.75,14.75,14.75,14.75
O:NIO231020C00003000,2023-10-20,3.0,call,american,100,2023-09-15,4.64,4.65,4.64,4.65
O:NIO231020C00004000,2023-10-20,4.0,call,american,100,2023-09-15,3.78,3.8,3.6,3.6
O:NIO231020C00005000,2023-10-20,5.0,call,american,100,2023-09-15,2.74,2.74,2.74,2.74
O:NIO231020C00006000,2023-10-20,6.0,call,american,100,2023-09-15,1.76,1.76,1.61,1.61
O:NIO231020C00007000,2023-10-20,7.0,call,american,100,2023-09-15,0.54,0.82,0.54,0.61
O:NIO231020C00008000,2023-10-20,8.0,call,american,100,2023-09-15,0.04,0.06,0.01,0.01
O:NIO231020C00009000,2023-10-20,9.0,call,american,100,2023-09-15,0.01,0.01,0.01,0.01
O:NIO231020C00010000,2023-10-20,10.0,call,american,100,2023-09-15,0.01,0.01,0.01,0.01
O:NIO231020C00011000,2023-10-20,11.0,call,american,100,2023-09-15,0.01,0.01,0.01,0.01
O:NIO231020C00012000,2023-10-20,12.0,call,american,100,2023-09-15,0.01,0.01,0.01,0.01
O:NIO231020C00013000,2023-10-20,13.0,call,american,100,2023-09-15,0.01,0.01,0.01,0.01
O:NIO231020C00014000,2023-10-20,14.0,call,american,100,2023-09-15,0.01,0.01,0.01,0.01
O:NIO231020C00015000,2023-10-20,15.0,call,american,100,2023-09-15,0.01,0.01,0.01,0.01
O:NIO231020C00016000,2023-10-20,16.0,call,american,100,2023-09-15,,,,
O:NIO231020C00017000,2023-10-20,17.0,call,american,100,2023-09-15,0.01,0.01,0.01,0.01
O:NIO231020C00018000,2023-10-20,18.0,call,american,100,2023-09-15,0.01,0.01,0.01,0.01
O:NIO231020C00019000,2023-10-20,19.0,call,american,100,2023-09-15,0.01,0.01,0.01,0.01
O:NIO231020C00020000,2023-10-20,20.0,call,american,100,2023-09-15,0.01,0.01,0.01,0.01
O:NIO231020C00021000,2023-10-20,21.0,call,american,100,2023-09-15,0.02,0.02,0.02,0.02
O:NIO231020C00022000,2023-10-20,22.0,call,american,100,2023-09-15,0.01,0.01,0.01,0.01
O:NIO231020C00025000,2023-10-20,25.0,call,american,100,2023-09-15,0.01,0.01,0.01,0.01
O:NIO231020P00003000,2023-10-20,3.0,put,american,100,2023-09-15,0.02,0.02,0.01,0.01
O:NIO231020P00004000,2023-10-20,4.0,put,american,100,2023-09-15,0.02,0.02,0.02,0.02
O:NIO231020P00005000,2023-10-20,5.0,put,american,100,2023-09-15,0.01,0.01,0.01,0.01
O:NIO231020P00006000,2023-10-20,6.0,put,american,100,2023-09-15,0.01,0.01,0.01,0.01
O:NIO231020P00007000,2023-10-20,7.0,put,american,100,2023-09-15,0.01,0.01,0.01,0.01
O:NIO231020P00008000,2023-10-20,8.0,put,american,100,2023-09-15,0.49,0.5,0.19,0.43
O:NIO231020P00009000,2023-10-20,9.0,put,american,100,2023-09-15,1.39,1.41,1.16,1.4
O:NIO231020P00010000,2023-10-20,10.0,put,american,100,2023-09-15,2.48,2.48,2.17,2.41
O:NIO231020P00011000,2023-10-20,11.0,put,american,100,2023-09-15,3.44,3.44,3.24,3.38
O:NIO231020P00012000,2023-10-20,12.0,put,american,100,2023-09-15,4.2,4.35,4.2,4.35
O:NIO231020P00013000,2023-10-20,13.0,put,american,100,2023-09-15,5.31,5.34,5.25,5.25
O:NIO231020P00014000,2023-10-20,14.0,put,american,100,2023-09-15,6.22,6.22,6.22,6.22
O:NIO231020P00015000,2023-10-20,15.0,put,american,100,2023-09-15,7.25,7.27,7.25,7.27
O:NIO231020P00016000,2023-10-20,16.0,put,american,100,2023-09-15,6.95,6.95,6.95,6.95
O:NIO231020P00017000,2023-10-20,17.0,put,american,100,2023-09-15,8.67,8.67,8.67,8.67
O:NIO231020P00018000,2023-10-20,18.0,put,american,100,2023-09-15,8.85,9.1,8.85,9.1
O:NIO231020P00019000,2023-10-20,19.0,put,american,100,2023-09-15,10.8,10.8,10.8,10.8
O:NIO231020P00020000,2023-10-20,20.0,put,american,100,2023-09-15,9.97,10.0,9.97,10.0
O:NIO231020P00021000,2023-10-20,21.0,put,american,100,2023-09-15,10.3,10.3,10.3,10.3
O:NIO231020P00022000,2023-10-20,22.0,put,american,100,2023-09-15,13.15,13.15,13.15,13.15
O:NIO231020P00025000,2023-10-20,25.0,put,american,100,2023-09-15,14.2,14.2,14.2,14.2
O:NIO231117C00001000,2023-11-17,1.0,call,american,100,2023-10-20,6.3,6.3,6.3,6.3
O:NIO231117C00002500,2023-11-17,2.5,call,american,100,2023-10-20,4.85,4.85,4.8,4.8
O:NIO231117C00004000,2023-11-17,4.0,call,american,100,2023-10-20,3.3,3.3,3.3,3.3
O:NIO231117C00005000,2023-11-17,5.0,call,american,100,2023-10-20,2.32,2.37,2.29,2.37
O:NIO231117C00006000,2023-11-17,6.0,call,american,100,2023-10-20,1.26,1.44,1.26,1.4
O:NIO231117C00007500,2023-11-17,7.5,call,american,100,2023-10-20,0.07,0.11,0.01,0.01
O:NIO231117C00009000,2023-11-17,9.0,call,american,100,2023-10-20,0.01,0.01,0.01,0.01
O:NIO231117C00010000,2023-11-17,10.0,call,american,100,2023-10-20,,,,
O:NIO231117C00011000,2023-11-17,11.0,call,american,100,2023-10-20,0.01,0.01,0.01,0.01
O:NIO231117C00012500,2023-11-17,12.5,call,american,100,2023-10-20,0.01,0.01,0.01,0.01
O:NIO231117C00014000,2023-11-17,14.0,call,american,100,2023-10-20,0.01,0.01,0.01,0.01
O:NIO231117C00015000,2023-11-17,15.0,call,american,100,2023-10-20,0.01,0.01,0.01,0.01
O:NIO231117C00016000,2023-11-17,16.0,call,american,100,2023-10-20,0.01,0.01,0.01,0.01
O:NIO231117C00017500,2023-11-17,17.5,call,american,100,2023-10-20,,,,
O:NIO231117C00019000,2023-11-17,19.0,call,american,100,2023-10-20,0.01,0.01,0.01,0.01
O:NIO231117C00020000,2023-11-17,20.0,call,american,100,2023-10-20,0.01,0.01,0.01,0.01
O:NIO231117C00022000,2023-11-17,22.0,call,american,100,2023-10-20,0.01,0.01,0.01,0.01
O:NIO231117C00025000,2023-11-17,25.0,call,american,100,2023-10-20,0.01,0.01,0.01,0.01
O:NIO231117C00030000,2023-11-17,30.0,call,american,100,2023-10-20,0.01,0.01,0.01,0.01
O:NIO231117P00001000,2023-11-17,1.0,put,american,100,2023-10-20,0.01,0.01,0.01,0.01
O:NIO231117P00002500,2023-11-17,2.5,put,american,100,2023-10-20,0.05,0.05,0.05,0.05
O:NIO231117P00004000,2023-11-17,4.0,put,american,100,2023-10-20,0.01,0.01,0.01,0.01
O:NIO231117P00005000,2023-11-17,5.0,put,american,100,2023-10-20,0.01,0.01,0.01,0.01
O:NIO231117P00006000,2023-11-17,6.0,put,american,100,2023-10-20,0.01,0.01,0.01,0.01
O:NIO231117P00007500,2023-11-17,7.5,put,american,100,2023-10-20,0.13,0.26,0.08,0.1
O:NIO231117P00009000,2023-11-17,9.0,put,american,100,2023-10-20,1.7,1.72,1.55,1.62
O:NIO231117P00010000,2023-11-17,10.0,put,american,100,2023-10-20,2.69,2.72,2.59,2.62
O:NIO231117P00011000,2023-11-17,11.0,put,american,100,2023-10-20,3.6,3.72,3.6,3.65
O:NIO231117P00012500,2023-11-17,12.5,put,american,100,2023-10-20,5.2,5.2,5.2,5.2
O:NIO231117P00014000,2023-11-17,14.0,put,american,100,2023-10-20,6.2,6.2,6.2,6.2
O:NIO231117P00015000,2023-11-17,15.0,put,american,100,2023-10-20,7.6,7.6,7.6,7.6
O:NIO231117P00016000,2023-11-17,16.0,put,american,100,2023-10-20,6.96,6.96,6.96,6.96
O:NIO231117P00017500,2023-11-17,17.5,put,american,100,2023-10-20,9.72,9.72,9.72,9.72
O:NIO231117P00019000,2023-11-17,19.0,put,american,100,2023-10-20,11.25,11.25,11.25,11.25
O:NIO231117P00020000,2023-11-17,20.0,put,american,100,2023-10-20,12.25,12.25,12.25,12.25
O:NIO231117P00022000,2023-11-17,22.0,put,american,100,2023-10-20,14.25,14.25,14.25,14.25
O:NIO231117P00025000,2023-11-17,25.0,put,american,100,2023-10-20,17.05,17.05,17.05,17.05
O:NIO231117P00030000,2023-11-17,30.0,put,american,100,2023-10-20,22.01,22.01,22.01,22.01
O:NIO231215C00001000,2023-12-15,1.0,call,american,100,2023-11-17,6.75,6.83,6.75,6.83
O:NIO231215C00002000,2023-12-15,2.0,call,american,100,2023-11-17,5.9,5.9,5.9,5.9
O:NIO231215C00003000,2023-12-15,3.0,call,american,100,2023-11-17,4.35,4.4,4.35,4.4
O:NIO231215C00004000,2023-12-15,4.0,call,american,100,2023-11-17,3.9,3.9,3.9,3.9
O:NIO231215C00005000,2023-12-15,5.0,call,american,100,2023-11-17,2.8,2.87,2.72,2.87
O:NIO231215C00006000,2023-12-15,6.0,call,american,100,2023-11-17,2.06,2.06,1.86,1.9
O:NIO231215C00007000,2023-12-15,7.0,call,american,100,2023-11-17,1.04,1.11,0.76,0.95
O:NIO231215C00008000,2023-12-15,8.0,call,american,100,2023-11-17,0.12,0.19,0.01,0.01
O:NIO231215C00009000,2023-12-15,9.0,call,american,100,2023-11-17,0.04,0.04,0.01,0.01
O:NIO231215C00010000,2023-12-15,10.0,call,american,100,2023-11-17,0.01,0.01,0.01,0.01
O:NIO231215C00011000,2023-12-15,11.0,call,american,100,2023-11-17,0.01,0.01,0.01,0.01
O:NIO231215C00012000,2023-12-15,12.0,call,american,100,2023-11-17,,,,
O:NIO231215C00013000,2023-12-15,13.0,call,american,100,2023-11-17,0.01,0.01,0.01,0.01
O:NIO231215C00014000,2023-12-15,14.0,call,american,100,2023-11-17,0.01,0.01,0.01,0.01
O:NIO231215C00015000,2023-12-15,15.0,call,american,100,2023-11-17,0.02,0.02,0.02,0.02
O:NIO231215C00016000,2023-12-15,16.0,call,american,100,2023-11-17,0.03,0.03,0.03,0.03
O:NIO231215C00017000,2023-12-15,17.0,call,american,100,2023-11-17,0.02,0.02,0.02,0.02
O:NIO231215P00001000,2023-12-15,1.0,put,american,100,2023-11-17,,,,
O:NIO231215P00002000,2023-12-15,2.0,put,american,100,2023-11-17,0.01,0.01,0.01,0.01
O:NIO231215P00003000,2023-12-15,3.0,put,american,100,2023-11-17,,,,
O:NIO231215P00004000,2023-12-15,4.0,put,american,100,2023-11-17,0.01,0.01,0.01,0.01
O:NIO231215P00005000,2023-12-15,5.0,put,american,100,2023-11-17,0.01,0.01,0.01,0.01
O:NIO231215P00006000,2023-12-15,6.0,put,american,100,2023-11-17,0.01,0.01,0.01,0.01
O:NIO231215P00007000,2023-12-15,7.0,put,american,100,2023-11-17,0.01,0.03,0.01,0.01
O:NIO231215P00008000,2023-12-15,8.0,put,american,100,2023-11-17,0.08,0.27,0.04,0.04
O:NIO231215P00009000,2023-12-15,9.0,put,american,100,2023-11-17,0.95,1.17,0.91,1.08
O:NIO231215P00010000,2023-12-15,10.0,put,american,100,2023-11-17,2.13,2.18,2.01,2.18
O:NIO231215P00011000,2023-12-15,11.0,put,american,100,2023-11-17,2.95,3.05,2.92,3.05
O:NIO231215P00012000,2023-12-15,12.0,put,american,100,2023-11-17,3.95,4.0,3.95,4.0
O:NIO231215P00013000,2023-12-15,13.0,put,american,100,2023-11-17,5.9,5.9,5.9,5.9
O:NIO231215P00014000,2023-12-15,14.0,put,american,100,2023-11-17,6.1,6.1,6.1,6.1
O:NIO231215P00015000,2023-12-15,15.0,put,american,100,2023-11-17,7.15,7.15,6.85,6.85
O:NIO231215P00016000,2023-12-15,16.0,put,american,100,2023-11-17,8.0,8.1,8.0,8.1
O:NIO231215P00017000,2023-12-15,17.0,put,american,100,2023-11-17,9.0,9.0,9.0,9.0
O:NIO240119C00001000,2024-01-19,1.0,call,american,100,2023-12-15,5.4,5.4,5.35,5.35
O:NIO240119C00002500,2024-01-19,2.5,call,american,100,2023-12-15,3.41,3.55,3.41,3.55
O:NIO240119C00004000,2024-01-19,4.0,call,american,100,2023-12-15,2.01,2.02,1.92,2.02
O:NIO240119C00005000,2024-01-19,5.0,call,american,100,2023-12-15,1.19,1.19,0.89,1.01
O:NIO240119C00006000,2024-01-19,6.0,call,american,100,2023-12-15,0.16,0.2,0.01,0.06
O:NIO240119C00007500,2024-01-19,7.5,call,american,100,2023-12-15,0.01,0.01,0.01,0.01
O:NIO240119C00009000,2024-01-19,9.0,call,american,100,2023-12-15,0.01,0.01,0.01,0.01
O:NIO240119C00010000,2024-01-19,10.0,call,american,100,2023-12-15,,,,
O:NIO240119C00011000,2024-01-19,11.0,call,american,100,2023-12-15,0.01,0.01,0.01,0.01
O:NIO240119C00012500,2024-01-19,12.5,call,american,100,2023-12-15,0.01,0.01,0.01,0.01
O:NIO240119C00014000,2024-01-19,14.0,call,american,100,2023-12-15,0.01,0.01,0.01,0.01
O:NIO240119C00015000,2024-01-19,15.0,call,american,100,2023-12-15,0.01,0.01,0.01,0.01
O:NIO240119C00016000,2024-01-19,16.0,call,american,100,2023-12-15,0.01,0.01,0.01,0.01
O:NIO240119C00017500,2024-01-19,17.5,call,american,100,2023-12-15,,,,
O:NIO240119C00019000,2024-01-19,19.0,call,american,100,2023-12-15,0.01,0.01,0.01,0.01
O:NIO240119C00020000,2024-01-19,20.0,call,american,100,2023-12-15,0.01,0.01,0.01,0.01
O:NIO240119C00022500,2024-01-19,22.5,call,american,100,2023-12-15,0.01,0.01,0.01,0.01
O:NIO240119C00025000,2024-01-19,25.0,call,american,100,2023-12-15,0.01,0.01,0.01,0.01
O:NIO240119C00030000,2024-01-19,30.0,call,american,100,2023-12-15,0.01,0.01,0.01,0.01
O:NIO240119C00035000,2024-01-19,35.0,call,american,100,2023-12-15,0.01,0.01,0.01,0.01
O:NIO240119C00040000,2024-01-19,40.0,call,american,100,2023-12-15,0.01,0.01,0.01,0.01
O:NIO240119C00045000,2024-01-19,45.0,call,american,100,2023-12-15,0.01,0.01,0.01,0.01
O:NIO240119C00050000,2024-01-19,50.0,call,american,100,2023-12-15,0.01,0.01,0.01,0.01
O:NIO240119C00055000,2024-01-19,55.0,call,american,100,2023-12-15,0.01,0.01,0.01,0.01
O:NIO240119C00060000,2024-01-19,60.0,call,american,100,2023-12-15,0.01,0.01,0.01,0.01
O:NIO240119C00065000,2024-01-19,65.0,call,american,100,2023-12-15,0.01,0.01,0.01,0.01
O:NIO240119P00001000,2024-01-19,1.0,put,american,100,2023-12-15,0.01,0.01,0.01,0.01
O:NIO240119P00002500,2024-01-19,2.5,put,american,100,2023-12-15,0.01,0.01,0.01,0.01
O:NIO240119P00004000,2024-01-19,4.0,put,american,100,2023-12-15,0.01,0.01,0.01,0.01
O:NIO240119P00005000,2024-01-19,5.0,put,american,100,2023-12-15,0.01,0.01,0.01,0.01
O:NIO240119P00006000,2024-01-19,6.0,put,american,100,2023-12-15,0.04,0.15,0.01,0.01
O:NIO240119P00007500,2024-01-19,7.5,put,american,100,2023-12-15,1.35,1.62,1.34,1.45
O:NIO240119P00009000,2024-01-19,9.0,put,american,100,2023-12-15,2.84,3.1,2.77,2.95
O:NIO240119P00010000,2024-01-19,10.0,put,american,100,2023-12-15,3.88,4.13,3.88,4.0
O:NIO240119P00011000,2024-01-19,11.0,put,american,100,2023-12-15,5.0,5.13,4.97,4.97
O:NIO240119P00012500,2024-01-19,12.5,put,american,100,2023-12-15,6.3,6.5,6.3,6.5
O:NIO240119P00014000,2024-01-19,14.0,put,american,100,2023-12-15,8.0,8.0,8.0,8.0
O:NIO240119P00015000,2024-01-19,15.0,put,american,100,2023-12-15,8.85,9.0,8.85,8.95
O:NIO240119P00016000,2024-01-19,16.0,put,american,100,2023-12-15,9.3,9.3,9.3,9.3
O:NIO240119P00017500,2024-01-19,17.5,put,american,100,2023-12-15,10.54,11.0,10.54,11.0
O:NIO240119P00019000,2024-01-19,19.0,put,american,100,2023-12-15,10.8,10.8,10.8,10.8
O:NIO240119P00020000,2024-01-19,20.0,put,american,100,2023-12-15,13.63,13.67,13.55,13.67
O:NIO240119P00022500,2024-01-19,22.5,put,american,100,2023-12-15,16.2,16.2,16.2,16.2
O:NIO240119P00025000,2024-01-19,25.0,put,american,100,2023-12-15,18.92,19.02,18.91,19.02
O:NIO240119P00030000,2024-01-19,30.0,put,american,100,2023-12-15,22.0,22.0,22.0,22.0
O:NIO240119P00035000,2024-01-19,35.0,put,american,100,2023-12-15,27.6,27.6,27.6,27.6
O:NIO240119P00040000,2024-01-19,40.0,put,american,100,2023-12-15,33.35,33.47,33.35,33.47
O:NIO240119P00045000,2024-01-19,45.0,put,american,100,2023-12-15,37.1,37.1,37.1,37.1
O:NIO240119P00050000,2024-01-19,50.0,put,american,100,2023-12-15,43.3,43.3,43.3,43.3
O:NIO240119P00055000,2024-01-19,55.0,put,american,100,2023-12-15,,,,
O:NIO240119P00060000,2024-01-19,60.0,put,american,100,2023-12-15,52.65,52.65,52.65,52.65
O:NIO240119P00065000,2024-01-19,65.0,put,american,100,2023-12-15,55.8,55.8,55.8,55.8
O:NIO240216C00001000,2024-02-16,1.0,call,american,100,2024-01-19,5.3,5.3,5.1,5.1
O:NIO240216C00002000,2024-02-16,2.0,call,american,100,2024-01-19,3.82,3.82,3.8,3.8
O:NIO240216C00003000,2024-02-16,3.0,call,american,100,2024-01-19,3.1,3.1,3.1,3.1
O:NIO240216C00004000,2024-02-16,4.0,call,american,100,2024-01-19,2.12,2.13,2.12,2.12
O:NIO240216C00005000,2024-02-16,5.0,call,american,100,2024-01-19,1.25,1.3,1.04,1.13
O:NIO240216C00006000,2024-02-16,6.0,call,american,100,2024-01-19,0.23,0.34,0.09,0.15
O:NIO240216C00007000,2024-02-16,7.0,call,american,100,2024-01-19,0.01,0.01,0.01,0.01
O:NIO240216C00008000,2024-02-16,8.0,call,american,100,2024-01-19,0.01,0.01,0.01,0.01
O:NIO240216C00009000,2024-02-16,9.0,call,american,100,2024-01-19,0.01,0.01,0.01,0.01
O:NIO240216C00010000,2024-02-16,10.0,call,american,100,2024-01-19,0.01,0.01,0.01,0.01
O:NIO240216C00011000,2024-02-16,11.0,call,american,100,2024-01-19,0.01,0.01,0.01,0.01
O:NIO240216C00012000,2024-02-16,12.0,call,american,100,2024-01-19,0.01,0.01,0.01,0.01
O:NIO240216C00013000,2024-02-16,13.0,call,american,100,2024-01-19,0.01,0.01,0.01,0.01
O:NIO240216C00014000,2024-02-16,14.0,call,american,100,2024-01-19,0.01,0.01,0.01,0.01
O:NIO240216C00015000,2024-02-16,15.0,call,american,100,2024-01-19,0.01,0.01,0.01,0.01
O:NIO240216C00016000,2024-02-16,16.0,call,american,100,2024-01-19,0.01,0.01,0.01,0.01
O:NIO240216C00017000,2024-02-16,17.0,call,american,100,2024-01-19,0.01,0.01,0.01,0.01
O:NIO240216C00018000,2024-02-16,18.0,call,american,100,2024-01-19,0.02,0.02,0.02,0.02
O:NIO240216C00019000,2024-02-16,19.0,call,american,100,2024-01-19,0.02,0.02,0.02,0.02
O:NIO240216C00020000,2024-02-16,20.0,call,american,100,2024-01-19,0.01,0.01,0.01,0.01
O:NIO240216C00022000,2024-02-16,22.0,call,american,100,2024-01-19,0.01,0.01,0.01,0.01
O:NIO240216C00025000,2024-02-16,25.0,call,american,100,2024-01-19,0.01,0.01,0.01,0.01
O:NIO240216C00030000,2024-02-16,30.0,call,american,100,2024-01-19,0.01,0.01,0.01,0.01
O:NIO240216P00001000,2024-02-16,1.0,put,american,100,2024-01-19,0.01,0.01,0.01,0.01
O:NIO240216P00002000,2024-02-16,2.0,put,american,100,2024-01-19,0.02,0.02,0.02,0.02
O:NIO240216P00003000,2024-02-16,3.0,put,american,100,2024-01-19,0.01,0.01,0.01,0.01
O:NIO240216P00004000,2024-02-16,4.0,put,american,100,2024-01-19,0.01,0.01,0.01,0.01
O:NIO240216P00005000,2024-02-16,5.0,put,american,100,2024-01-19,0.01,0.01,0.01,0.01
O:NIO240216P00006000,2024-02-16,6.0,put,american,100,2024-01-19,0.03,0.05,0.01,0.01
O:NIO240216P00007000,2024-02-16,7.0,put,american,100,2024-01-19,0.76,0.95,0.68,0.87
O:NIO240216P00008000,2024-02-16,8.0,put,american,100,2024-01-19,1.85,1.99,1.84,1.85
O:NIO240216P00009000,2024-02-16,9.0,put,american,100,2024-01-19,2.91,2.91,2.91,2.91
O:NIO240216P00010000,2024-02-16,10.0,put,american,100,2024-01-19,3.75,3.75,3.75,3.75
O:NIO240216P00011000,2024-02-16,11.0,put,american,100,2024-01-19,,,,
O:NIO240216P00012000,2024-02-16,12.0,put,american,100,2024-01-19,6.15,6.15,6.15,6.15
O:NIO240216P00013000,2024-02-16,13.0,put,american,100,2024-01-19,7.1,7.1,7.1,7.1
O:NIO240216P00014000,2024-02-16,14.0,put,american,100,2024-01-19,8.47,8.47,8.33,8.38
O:NIO240216P00015000,2024-02-16,15.0,put,american,100,2024-01-19,9.1,9.1,9.1,9.1
O:NIO240216P00016000,2024-02-16,16.0,put,american,100,2024-01-19,9.3,9.3,9.3,9.3
O:NIO240216P00017000,2024-02-16,17.0,put,american,100,2024-01-19,,,,
O:NIO240216P00018000,2024-02-16,18.0,put,american,100,2024-01-19,9.75,9.75,9.75,9.75
O:NIO240216P00019000,2024-02-16,19.0,put,american,100,2024-01-19,10.87,10.87,10.87,10.87
O:NIO240216P00020000,2024-02-16,20.0,put,american,100,2024-01-19,13.85,13.85,13.85,13.85
O:NIO240216P00022000,2024-02-16,22.0,put,american,100,2024-01-19,15.85,15.85,15.85,15.85
O:NIO240216P00025000,2024-02-16,25.0,put,american,100,2024-01-19,15.82,15.95,15.82,15.95
O:NIO240216P00030000,2024-02-16,30.0,put,american,100,2024-01-19,23.55,23.55,23.55,23.55
O:NIO240315C00001000,2024-03-15,1.0,call,american,100,2024-02-16,4.85,4.85,4.85,4.85
O:NIO240315C00002000,2024-03-15,2.0,call,american,100,2024-02-16,3.75,3.75,3.75,3.75
O:NIO240315C00003000,2024-03-15,3.0,call,american,100,2024-02-16,2.98,2.98,2.98,2.98
O:NIO240315C00004000,2024-03-15,4.0,call,american,100,2024-02-16,1.62,1.65,1.58,1.61
O:NIO240315C00005000,2024-03-15,5.0,call,american,100,2024-02-16,0.69,0.75,0.58,0.6
O:NIO240315C00006000,2024-03-15,6.0,call,american,100,2024-02-16,0.02,0.04,0.01,0.01
O:NIO240315C00007000,2024-03-15,7.0,call,american,100,2024-02-16,0.01,0.01,0.01,0.01
O:NIO240315C00008000,2024-03-15,8.0,call,american,100,2024-02-16,0.01,0.01,0.01,0.01
O:NIO240315C00009000,2024-03-15,9.0,call,american,100,2024-02-16,0.01,0.01,0.01,0.01
O:NIO240315C00010000,2024-03-15,10.0,call,american,100,2024-02-16,0.01,0.01,0.01,0.01
O:NIO240315C00011000,2024-03-15,11.0,call,american,100,2024-02-16,0.02,0.02,0.02,0.02
O:NIO240315C00012000,2024-03-15,12.0,call,american,100,2024-02-16,0.01,0.01,0.01,0.01
O:NIO240315P00001000,2024-03-15,1.0,put,american,100,2024-02-16,0.01,0.01,0.01,0.01
O:NIO240315P00002000,2024-03-15,2.0,put,american,100,2024-02-16,0.04,0.04,0.04,0.04
O:NIO240315P00003000,2024-03-15,3.0,put,american,100,2024-02-16,0.01,0.01,0.01,0.01
O:NIO240315P00004000,2024-03-15,4.0,put,american,100,2024-02-16,0.01,0.01,0.01,0.01
O:NIO240315P00005000,2024-03-15,5.0,put,american,100,2024-02-16,0.01,0.02,0.01,0.01
O:NIO240315P00006000,2024-03-15,6.0,put,american,100,2024-02-16,0.22,0.44,0.22,0.42
O:NIO240315P00007000,2024-03-15,7.0,put,american,100,2024-02-16,1.35,1.48,1.35,1.37
O:NIO240315P00008000,2024-03-15,8.0,put,american,100,2024-02-16,2.41,2.41,2.37,2.37
O:NIO240315P00009000,2024-03-15,9.0,put,american,100,2024-02-16,3.38,3.38,3.38,3.38
O:NIO240315P00010000,2024-03-15,10.0,put,american,100,2024-02-16,4.43,4.43,4.43,4.43
O:NIO240315P00011000,2024-03-15,11.0,put,american,100,2024-02-16,4.85,4.85,4.75,4.75
O:NIO240315P00012000,2024-03-15,12.0,put,american,100,2024-02-16,5.85,5.85,5.85,5.85
O:NIO240419C00001000,2024-04-19,1.0,call,american,100,2024-03-15,2.84,2.84,2.84,2.84
O:NIO240419C00002000,2024-04-19,2.0,call,american,100,2024-03-15,1.85,1.85,1.75,1.82
O:NIO240419C00003000,2024-04-19,3.0,call,american,100,2024-03-15,0.56,0.87,0.56,0.75
O:NIO240419C00004000,2024-04-19,4.0,call,american,100,2024-03-15,0.03,0.03,0.01,0.01
O:NIO240419C00005000,2024-04-19,5.0,call,american,100,2024-03-15,0.01,0.01,0.01,0.01
O:NIO240419C00006000,2024-04-19,6.0,call,american,100,2024-03-15,,,,
O:NIO240419C00007000,2024-04-19,7.0,call,american,100,2024-03-15,0.01,0.01,0.01,0.01
O:NIO240419C00008000,2024-04-19,8.0,call,american,100,2024-03-15,0.04,0.04,0.04,0.04
O:NIO240419C00009000,2024-04-19,9.0,call,american,100,2024-03-15,0.01,0.01,0.01,0.01
O:NIO240419C00010000,2024-04-19,10.0,call,american,100,2024-03-15,0.01,0.01,0.01,0.01
O:NIO240419C00011000,2024-04-19,11.0,call,american,100,2024-03-15,0.01,0.02,0.01,0.01
O:NIO240419P00001000,2024-04-19,1.0,put,american,100,2024-03-15,0.01,0.01,0.01,0.01
O:NIO240419P00002000,2024-04-19,2.0,put,american,100,2024-03-15,0.01,0.01,0.01,0.01
O:NIO240419P00003000,2024-04-19,3.0,put,american,100,2024-03-15,0.01,0.01,0.01,0.01
O:NIO240419P00004000,2024-04-19,4.0,put,american,100,2024-03-15,0.13,0.25,0.1,0.2
O:NIO240419P00005000,2024-04-19,5.0,put,american,100,2024-03-15,1.08,1.3,1.08,1.3
O:NIO240419P00006000,2024-04-19,6.0,put,american,100,2024-03-15,2.32,2.32,2.11,2.2
O:NIO240419P00007000,2024-04-19,7.0,put,american,100,2024-03-15,3.2,3.21,3.2,3.21
O:NIO240419P00008000,2024-04-19,8.0,put,american,100,2024-03-15,4.05,4.05,4.05,4.05
O:NIO240419P00009000,2024-04-19,9.0,put,american,100,2024-03-15,5.2,5.2,5.2,5.2
O:NIO240419P00010000,2024-04-19,10.0,put,american,100,2024-03-15,6.05,6.05,6.05,6.05
O:NIO240419P00011000,2024-04-19,11.0,put,american,100,2024-03-15,7.05,7.05,7.05,7.05
O:NIO240517C00001000,2024-05-17,1.0,call,american,100,2024-04-19,4.35,4.35,4.35,4.35
O:NIO240517C00002000,2024-05-17,2.0,call,american,100,2024-04-19,3.27,3.27,3.26,3.26
O:NIO240517C00003000,2024-05-17,3.0,call,american,100,2024-04-19,2.0,2.28,2.0,2.27
O:NIO240517C00004000,2024-05-17,4.0,call,american,100,2024-04-19,1.09,1.37,1.07,1.29
O:NIO240517C00005000,2024-05-17,5.0,call,american,100,2024-04-19,0.28,0.39,0.1,0.26
O:NIO240517C00006000,2024-05-17,6.0,call,american,100,2024-04-19,0.01,0.01,0.01,0.01
O:NIO240517C00007000,2024-05-17,7.0,call,american,100,2024-04-19,0.01,0.01,0.01,0.01
O:NIO240517C00008000,2024-05-17,8.0,call,american,100,2024-04-19,0.01,0.01,0.01,0.01
O:NIO240517C00009000,2024-05-17,9.0,call,american,100,2024-04-19,0.01,0.01,0.01,0.01
O:NIO240517C00010000,2024-05-17,10.0,call,american,100,2024-04-19,0.01,0.01,0.01,0.01
O:NIO240517C00011000,2024-05-17,11.0,call,american,100,2024-04-19,0.01,0.01,0.01,0.01
O:NIO240517C00012000,2024-05-17,12.0,call,american,100,2024-04-19,0.01,0.01,0.01,0.01
O:NIO240517C00013000,2024-05-17,13.0,call,american,100,2024-04-19,0.01,0.01,0.01,0.01
O:NIO240517C00014000,2024-05-17,14.0,call,american,100,2024-04-19,0.01,0.01,0.01,0.01
O:NIO240517C00015000,2024-05-17,15.0,call,american,100,2024-04-19,0.01,0.01,0.01,0.01
O:NIO240517C00016000,2024-05-17,16.0,call,american,100,2024-04-19,0.01,0.01,0.01,0.01
O:NIO240517C00017000,2024-05-17,17.0,call,american,100,2024-04-19,0.01,0.01,0.01,0.01
O:NIO240517C00018000,2024-05-17,18.0,call,american,100,2024-04-19,0.01,0.01,0.01,0.01
O:NIO240517C00019000,2024-05-17,19.0,call,american,100,2024-04-19,0.01,0.01,0.01,0.01
O:NIO240517C00020000,2024-05-17,20.0,call,american,100,2024-04-19,,,,
O:NIO240517P00001000,2024-05-17,1.0,put,american,100,2024-04-19,0.01,0.01,0.01,0.01
O:NIO240517P00002000,2024-05-17,2.0,put,american,100,2024-04-19,0.01,0.01,0.01,0.01
O:NIO240517P00003000,2024-05-17,3.0,put,american,100,2024-04-19,0.01,0.01,0.01,0.01
O:NIO240517P00004000,2024-05-17,4.0,put,american,100,2024-04-19,0.01,0.01,0.01,0.01
O:NIO240517P00005000,2024-05-17,5.0,put,american,100,2024-04-19,0.02,0.05,0.01,0.01
O:NIO240517P00006000,2024-05-17,6.0,put,american,100,2024-04-19,,,,
O:NIO240517P00007000,2024-05-17,7.0,put,american,100,2024-04-19,1.68,1.91,1.68,1.74
O:NIO240517P00008000,2024-05-17,8.0,put,american,100,2024-04-19,2.5,2.86,2.43,2.43
O:NIO240517P00009000,2024-05-17,9.0,put,american,100,2024-04-19,3.75,3.75,3.75,3.75
O:NIO240517P00010000,2024-05-17,10.0,put,american,100,2024-04-19,4.7,4.7,4.7,4.7
O:NIO240517P00011000,2024-05-17,11.0,put,american,100,2024-04-19,5.7,5.7,5.7,5.7
O:NIO240517P00012000,2024-05-17,12.0,put,american,100,2024-04-19,6.65,6.65,6.65,6.65
O:NIO240517P00013000,2024-05-17,13.0,put,american,100,2024-04-19,7.65,7.65,7.65,7.65
O:NIO240517P00014000,2024-05-17,14.0,put,american,100,2024-04-19,8.85,8.85,8.85,8.85
O:NIO240517P00015000,2024-05-17,15.0,put,american,100,2024-04-19,9.4,9.4,9.4,9.4
O:NIO240517P00016000,2024-05-17,16.0,put,american,100,2024-04-19,10.75,10.75,10.75,10.75
O:NIO240517P00017000,2024-05-17,17.0,put,american,100,2024-04-19,11.15,11.15,11.15,11.15
O:NIO240517P00018000,2024-05-17,18.0,put,american,100,2024-04-19,13.25,13.25,13.25,13.25
O:NIO240517P00019000,2024-05-17,19.0,put,american,100,2024-04-19,13.05,13.05,13.05,13.05
O:NIO240517P00020000,2024-05-17,20.0,put,american,100,2024-04-19,14.05,14.05,14.05,14.05
O:NIO240621C00001000,2024-06-21,1.0,call,american,100,2024-05-17,3.3,3.3,3.28,3.28
O:NIO240621C00002500,2024-06-21,2.5,call,american,100,2024-05-17,1.78,1.8,1.65,1.79
O:NIO240621C00004000,2024-06-21,4.0,call,american,100,2024-05-17,0.34,0.34,0.25,0.32
O:NIO240621C00005000,2024-06-21,5.0,call,american,100,2024-05-17,0.01,0.01,0.01,0.01
O:NIO240621C00006000,2024-06-21,6.0,call,american,100,2024-05-17,0.01,0.01,0.01,0.01
O:NIO240621C00007500,2024-06-21,7.5,call,american,100,2024-05-17,0.01,0.01,0.01,0.01
O:NIO240621C00009000,2024-06-21,9.0,call,american,100,2024-05-17,0.01,0.01,0.01,0.01
O:NIO240621C00010000,2024-06-21,10.0,call,american,100,2024-05-17,0.01,0.01,0.01,0.01
O:NIO240621C00011000,2024-06-21,11.0,call,american,100,2024-05-17,0.01,0.01,0.01,0.01
O:NIO240621C00012500,2024-06-21,12.5,call,american,100,2024-05-17,0.01,0.01,0.01,0.01
O:NIO240621C00015000,2024-06-21,15.0,call,american,100,2024-05-17,0.01,0.01,0.01,0.01
O:NIO240621C00017500,2024-06-21,17.5,call,american,100,2024-05-17,0.01,0.01,0.01,0.01
O:NIO240621C00020000,2024-06-21,20.0,call,american,100,2024-05-17,0.01,0.01,0.01,0.01
O:NIO240621C00022000,2024-06-21,22.0,call,american,100,2024-05-17,0.01,0.01,0.01,0.01
O:NIO240621C00025000,2024-06-21,25.0,call,american,100,2024-05-17,0.01,0.01,0.01,0.01
O:NIO240621C00030000,2024-06-21,30.0,call,american,100,2024-05-17,0.01,0.01,0.01,0.01
O:NIO240621P00001000,2024-06-21,1.0,put,american,100,2024-05-17,0.02,0.02,0.02,0.02
O:NIO240621P00002500,2024-06-21,2.5,put,american,100,2024-05-17,0.01,0.01,0.01,0.01
O:NIO240621P00004000,2024-06-21,4.0,put,american,100,2024-05-17,0.01,0.02,0.01,0.01
O:NIO240621P00005000,2024-06-21,5.0,put,american,100,2024-05-17,0.67,0.76,0.66,0.69
O:NIO240621P00006000,2024-06-21,6.0,put,american,100,2024-05-17,1.67,1.9,1.67,1.7
O:NIO240621P00007500,2024-06-21,7.5,put,american,100,2024-05-17,,,,
O:NIO240621P00009000,2024-06-21,9.0,put,american,100,2024-05-17,4.7,4.71,4.65,4.71
O:NIO240621P00010000,2024-06-21,10.0,put,american,100,2024-05-17,5.71,5.75,5.7,5.7
O:NIO240621P00011000,2024-06-21,11.0,put,american,100,2024-05-17,6.1,6.1,6.1,6.1
O:NIO240621P00012500,2024-06-21,12.5,put,american,100,2024-05-17,7.69,7.69,7.68,7.68
O:NIO240621P00015000,2024-06-21,15.0,put,american,100,2024-05-17,9.75,9.75,9.71,9.71
O:NIO240621P00017500,2024-06-21,17.5,put,american,100,2024-05-17,13.75,13.75,13.75,13.75
O:NIO240621P00020000,2024-06-21,20.0,put,american,100,2024-05-17,14.7,14.7,14.7,14.7
O:NIO240621P00022000,2024-06-21,22.0,put,american,100,2024-05-17,16.75,16.75,16.75,16.75
O:NIO240621P00025000,2024-06-21,25.0,put,american,100,2024-05-17,15.79,15.79,15.79,15.79
O:NIO240621P00030000,2024-06-21,30.0,put,american,100,2024-05-17,24.84,24.84,24.78,24.78
O:NIO240816C00001000,2024-08-16,1.0,call,american,100,2024-07-19,2.88,2.94,2.88,2.94
O:NIO240816C00002000,2024-08-16,2.0,call,american,100,2024-07-19,1.89,1.94,1.89,1.94
O:NIO240816C00003000,2024-08-16,3.0,call,american,100,2024-07-19,0.5,0.97,0.5,0.88
O:NIO240816C00004000,2024-08-16,4.0,call,american,100,2024-07-19,0.01,0.05,0.01,0.01
O:NIO240816C00005000,2024-08-16,5.0,call,american,100,2024-07-19,0.01,0.01,0.01,0.01
O:NIO240816C00006000,2024-08-16,6.0,call,american,100,2024-07-19,0.01,0.01,0.01,0.01
O:NIO240816C00007000,2024-08-16,7.0,call,american,100,2024-07-19,0.01,0.01,0.01,0.01
O:NIO240816C00008000,2024-08-16,8.0,call,american,100,2024-07-19,0.01,0.01,0.01,0.01
O:NIO240816C00009000,2024-08-16,9.0,call,american,100,2024-07-19,0.01,0.01,0.01,0.01
O:NIO240816C00010000,2024-08-16,10.0,call,american,100,2024-07-19,0.01,0.06,0.01,0.01
O:NIO240816C00011000,2024-08-16,11.0,call,american,100,2024-07-19,0.01,0.01,0.01,0.01
O:NIO240816C00012000,2024-08-16,12.0,call,american,100,2024-07-19,0.01,0.01,0.01,0.01
O:NIO240816C00013000,2024-08-16,13.0,call,american,100,2024-07-19,0.01,0.01,0.01,0.01
O:NIO240816C00014000,2024-08-16,14.0,call,american,100,2024-07-19,0.01,0.01,0.01,0.01
O:NIO240816C00015000,2024-08-16,15.0,call,american,100,2024-07-19,0.01,0.01,0.01,0.01
O:NIO240816C00016000,2024-08-16,16.0,call,american,100,2024-07-19,0.01,0.01,0.01,0.01
O:NIO240816C00017000,2024-08-16,17.0,call,american,100,2024-07-19,0.02,0.02,0.02,0.02
O:NIO240816P00001000,2024-08-16,1.0,put,american,100,2024-07-19,0.02,0.02,0.02,0.02
O:NIO240816P00002000,2024-08-16,2.0,put,american,100,2024-07-19,0.01,0.01,0.01,0.01
O:NIO240816P00003000,2024-08-16,3.0,put,american,100,2024-07-19,0.01,0.04,0.01,0.01
O:NIO240816P00004000,2024-08-16,4.0,put,american,100,2024-07-19,0.18,0.2,0.04,0.05
O:NIO240816P00005000,2024-08-16,5.0,put,american,100,2024-07-19,1.1,1.17,1.02,1.09
O:NIO240816P00006000,2024-08-16,6.0,put,american,100,2024-07-19,2.19,2.19,2.06,2.17
O:NIO240816P00007000,2024-08-16,7.0,put,american,100,2024-07-19,3.15,3.15,3.06,3.06
O:NIO240816P00008000,2024-08-16,8.0,put,american,100,2024-07-19,4.1,4.1,4.1,4.1
O:NIO240816P00009000,2024-08-16,9.0,put,american,100,2024-07-19,,,,
O:NIO240816P00010000,2024-08-16,10.0,put,american,100,2024-07-19,5.45,5.45,5.45,5.45
O:NIO240816P00011000,2024-08-16,11.0,put,american,100,2024-07-19,7.15,7.15,7.15,7.15
O:NIO240816P00012000,2024-08-16,12.0,put,american,100,2024-07-19,6.96,6.96,6.96,6.96
O:NIO240816P00013000,2024-08-16,13.0,put,american,100,2024-07-19,8.5,8.5,8.5,8.5
O:NIO240816P00014000,2024-08-16,14.0,put,american,100,2024-07-19,10.06,10.06,10.06,10.06
O:NIO240816P00015000,2024-08-16,15.0,put,american,100,2024-07-19,6.1,6.1,6.1,6.1
O:NIO240816P00016000,2024-08-16,16.0,put,american,100,2024-07-19,11.65,11.65,11.65,11.65
O:NIO240816P00017000,2024-08-16,17.0,put,american,100,2024-07-19,12.65,12.65,12.65,12.65
O:NIO240920C00001000,2024-09-20,1.0,call,american,100,2024-08-16,4.28,4.3,4.28,4.3
O:NIO240920C00002000,2024-09-20,2.0,call,american,100,2024-08-16,3.4,3.45,3.4,3.4
O:NIO240920C00003000,2024-09-20,3.0,call,american,100,2024-08-16,2.36,2.39,2.21,2.26
O:NIO240920C00004000,2024-09-20,4.0,call,american,100,2024-08-16,1.28,1.5,1.21,1.28
O:NIO240920C00005000,2024-09-20,5.0,call,american,100,2024-08-16,0.41,0.53,0.22,0.3
O:NIO240920C00006000,2024-09-20,6.0,call,american,100,2024-08-16,0.01,0.01,0.01,0.01
O:NIO240920C00007000,2024-09-20,7.0,call,american,100,2024-08-16,0.01,0.01,0.01,0.01
O:NIO240920C00008000,2024-09-20,8.0,call,american,100,2024-08-16,0.01,0.01,0.01,0.01
O:NIO240920C00009000,2024-09-20,9.0,call,american,100,2024-08-16,0.01,0.01,0.01,0.01
O:NIO240920C00010000,2024-09-20,10.0,call,american,100,2024-08-16,0.01,0.01,0.01,0.01
O:NIO240920C00011000,2024-09-20,11.0,call,american,100,2024-08-16,0.01,0.01,0.01,0.01
O:NIO240920C00012000,2024-09-20,12.0,call,american,100,2024-08-16,0.01,0.01,0.01,0.01
O:NIO240920C00015000,2024-09-20,15.0,call,american,100,2024-08-16,0.01,0.01,0.01,0.01
O:NIO240920P00001000,2024-09-20,1.0,put,american,100,2024-08-16,0.02,0.02,0.02,0.02
O:NIO240920P00002000,2024-09-20,2.0,put,american,100,2024-08-16,0.01,0.01,0.01,0.01
O:NIO240920P00003000,2024-09-20,3.0,put,american,100,2024-08-16,0.01,0.01,0.01,0.01
O:NIO240920P00004000,2024-09-20,4.0,put,american,100,2024-08-16,0.01,0.01,0.01,0.01
O:NIO240920P00005000,2024-09-20,5.0,put,american,100,2024-08-16,0.02,0.06,0.01,0.01
O:NIO240920P00006000,2024-09-20,6.0,put,american,100,2024-08-16,0.54,0.81,0.5,0.76
O:NIO240920P00007000,2024-09-20,7.0,put,american,100,2024-08-16,1.5,1.75,1.5,1.75
O:NIO240920P00008000,2024-09-20,8.0,put,american,100,2024-08-16,2.74,2.74,2.73,2.73
O:NIO240920P00009000,2024-09-20,9.0,put,american,100,2024-08-16,3.9,3.9,3.9,3.9
O:NIO240920P00010000,2024-09-20,10.0,put,american,100,2024-08-16,6.1,6.1,6.1,6.1
O:NIO240920P00011000,2024-09-20,11.0,put,american,100,2024-08-16,6.52,6.52,6.52,6.52
O:NIO240920P00012000,2024-09-20,12.0,put,american,100,2024-08-16,6.4,6.4,6.4,6.4
O:NIO240920P00015000,2024-09-20,15.0,put,american,100,2024-08-16,9.65,9.65,9.65,9.65
O:NIO241018C00001000,2024-10-18,1.0,call,american,100,2024-09-20,4.25,4.25,4.25,4.25
O:NIO241018C00002000,2024-10-18,2.0,call,american,100,2024-09-20,,,,
O:NIO241018C00003000,2024-10-18,3.0,call,american,100,2024-09-20,2.35,2.35,2.22,2.27
O:NIO241018C00004000,2024-10-18,4.0,call,american,100,2024-09-20,1.38,1.38,1.2,1.25
O:NIO241018C00005000,2024-10-18,5.0,call,american,100,2024-09-20,0.35,0.39,0.2,0.22
O:NIO241018C00006000,2024-10-18,6.0,call,american,100,2024-09-20,0.01,0.02,0.01,0.01
O:NIO241018C00007000,2024-10-18,7.0,call,american,100,2024-09-20,0.01,0.01,0.01,0.01
O:NIO241018C00008000,2024-10-18,8.0,call,american,100,2024-09-20,,,,
O:NIO241018C00009000,2024-10-18,9.0,call,american,100,2024-09-20,0.01,0.01,0.01,0.01
O:NIO241018C00010000,2024-10-18,10.0,call,american,100,2024-09-20,0.01,0.01,0.01,0.01
O:NIO241018P00001000,2024-10-18,1.0,put,american,100,2024-09-20,0.02,0.02,0.02,0.02
O:NIO241018P00002000,2024-10-18,2.0,put,american,100,2024-09-20,0.01,0.01,0.01,0.01
O:NIO241018P00003000,2024-10-18,3.0,put,american,100,2024-09-20,0.01,0.01,0.01,0.01
O:NIO241018P00004000,2024-10-18,4.0,put,american,100,2024-09-20,0.01,0.01,0.01,0.01
O:NIO241018P00005000,2024-10-18,5.0,put,american,100,2024-09-20,0.02,0.03,0.01,0.01
O:NIO241018P00006000,2024-10-18,6.0,put,american,100,2024-09-20,0.52,0.82,0.52,0.77
O:NIO241018P00007000,2024-10-18,7.0,put,american,100,2024-09-20,1.74,1.82,1.7,1.82
O:NIO241018P00008000,2024-10-18,8.0,put,american,100,2024-09-20,2.73,2.73,2.73,2.73
O:NIO241018P00009000,2024-10-18,9.0,put,american,100,2024-09-20,3.28,3.28,3.28,3.28
O:NIO241018P00010000,2024-10-18,10.0,put,american,100,2024-09-20,4.15,4.16,4.15,4.16
O:NIO241115C00001000,2024-11-15,1.0,call,american,100,2024-10-18,3.45,3.45,3.45,3.45
O:NIO241115C00002000,2024-11-15,2.0,call,american,100,2024-10-18,2.44,2.48,2.44,2.46
O:NIO241115C00003000,2024-11-15,3.0,call,american,100,2024-10-18,1.35,1.46,1.35,1.44
O:NIO241115C00004000,2024-11-15,4.0,call,american,100,2024-10-18,0.49,0.5,0.32,0.5
O:NIO241115C00005000,2024-11-15,5.0,call,american,100,2024-10-18,0.01,0.01,0.01,0.01
O:NIO241115C00006000,2024-11-15,6.0,call,american,100,2024-10-18,0.01,0.01,0.01,0.01
O:NIO241115C00007000,2024-11-15,7.0,call,american,100,2024-10-18,0.01,0.01,0.01,0.01
O:NIO241115C00008000,2024-11-15,8.0,call,american,100,2024-10-18,0.01,0.01,0.01,0.01
O:NIO241115C00009000,2024-11-15,9.0,call,american,100,2024-10-18,0.01,0.01,0.01,0.01
O:NIO241115C00010000,2024-11-15,10.0,call,american,100,2024-10-18,0.01,0.01,0.01,0.01
O:NIO241115C00011000,2024-11-15,11.0,call,american,100,2024-10-18,0.01,0.01,0.01,0.01
O:NIO241115C00012000,2024-11-15,12.0,call,american,100,2024-10-18,0.01,0.01,0.01,0.01
O:NIO241115C00013000,2024-11-15,13.0,call,american,100,2024-10-18,0.01,0.01,0.01,0.01
O:NIO241115C00014000,2024-11-15,14.0,call,american,100,2024-10-18,0.01,0.01,0.01,0.01
O:NIO241115C00015000,2024-11-15,15.0,call,american,100,2024-10-18,0.01,0.01,0.01,0.01
O:NIO241115P00001000,2024-11-15,1.0,put,american,100,2024-10-18,0.5,0.5,0.5,0.5
O:NIO241115P00002000,2024-11-15,2.0,put,american,100,2024-10-18,0.01,0.01,0.01,0.01
O:NIO241115P00003000,2024-11-15,3.0,put,american,100,2024-10-18,0.01,0.01,0.01,0.01
O:NIO241115P00004000,2024-11-15,4.0,put,american,100,2024-10-18,0.01,0.01,0.01,0.01
O:NIO241115P00005000,2024-11-15,5.0,put,american,100,2024-10-18,0.57,0.72,0.51,0.52
O:NIO241115P00006000,2024-11-15,6.0,put,american,100,2024-10-18,1.73,1.73,1.53,1.53
O:NIO241115P00007000,2024-11-15,7.0,put,american,100,2024-10-18,2.4,2.63,2.4,2.41
O:NIO241115P00008000,2024-11-15,8.0,put,american,100,2024-10-18,3.18,3.18,3.18,3.18
O:NIO241115P00009000,2024-11-15,9.0,put,american,100,2024-10-18,,,,
O:NIO241115P00010000,2024-11-15,10.0,put,american,100,2024-10-18,4.85,4.85,4.85,4.85
O:NIO241115P00011000,2024-11-15,11.0,put,american,100,2024-10-18,5.28,5.28,5.28,5.28
O:NIO241115P00012000,2024-11-15,12.0,put,american,100,2024-10-18,8.0,8.0,8.0,8.0
O:NIO241115P00013000,2024-11-15,13.0,put,american,100,2024-10-18,6.2,6.2,6.2,6.2
O:NIO241115P00014000,2024-11-15,14.0,put,american,100,2024-10-18,8.6,8.6,8.6,8.6
O:NIO241115P00015000,2024-11-15,15.0,put,american,100,2024-10-18,9.98,9.98,9.98,9.98
O:NIO241220C00001000,2024-12-20,1.0,call,american,100,2024-11-15,3.5,3.5,3.5,3.5
O:NIO241220C00002000,2024-12-20,2.0,call,american,100,2024-11-15,2.48,2.58,2.48,2.54
O:NIO241220C00003000,2024-12-20,3.0,call,american,100,2024-11-15,1.48,1.58,1.47,1.53
O:NIO241220C00004000,2024-12-20,4.0,call,american,100,2024-11-15,0.42,0.6,0.39,0.52
O:NIO241220C00005000,2024-12-20,5.0,call,american,100,2024-11-15,0.01,0.03,0.01,0.01
O:NIO241220C00006000,2024-12-20,6.0,call,american,100,2024-11-15,0.01,0.01,0.01,0.01
O:NIO241220C00007000,2024-12-20,7.0,call,american,100,2024-11-15,0.01,0.01,0.01,0.01
O:NIO241220C00008000,2024-12-20,8.0,call,american,100,2024-11-15,0.01,0.01,0.01,0.01
O:NIO241220C00009000,2024-12-20,9.0,call,american,100,2024-11-15,0.01,0.01,0.01,0.01
O:NIO241220C00010000,2024-12-20,10.0,call,american,100,2024-11-15,0.01,0.01,0.01,0.01
O:NIO241220C00011000,2024-12-20,11.0,call,american,100,2024-11-15,0.05,0.05,0.05,0.05
O:NIO241220C00012000,2024-12-20,12.0,call,american,100,2024-11-15,0.01,0.01,0.01,0.01
O:NIO241220C00013000,2024-12-20,13.0,call,american,100,2024-11-15,0.02,0.02,0.02,0.02
O:NIO241220C00014000,2024-12-20,14.0,call,american,100,2024-11-15,0.03,0.03,0.01,0.01
O:NIO241220C00015000,2024-12-20,15.0,call,american,100,2024-11-15,0.01,0.01,0.01,0.01
O:NIO241220C00017000,2024-12-20,17.0,call,american,100,2024-11-15,0.01,0.01,0.01,0.01
O:NIO241220P00001000,2024-12-20,1.0,put,american,100,2024-11-15,0.01,0.01,0.01,0.01
O:NIO241220P00002000,2024-12-20,2.0,put,american,100,2024-11-15,0.01,0.01,0.01,0.01
O:NIO241220P00003000,2024-12-20,3.0,put,american,100,2024-11-15,0.01,0.01,0.01,0.01
O:NIO241220P00004000,2024-12-20,4.0,put,american,100,2024-11-15,0.01,0.01,0.01,0.01
O:NIO241220P00005000,2024-12-20,5.0,put,american,100,2024-11-15,0.55,0.62,0.39,0.49
O:NIO241220P00006000,2024-12-20,6.0,put,american,100,2024-11-15,1.51,1.53,1.42,1.5
O:NIO241220P00007000,2024-12-20,7.0,put,american,100,2024-11-15,2.49,2.5,2.4,2.47
O:NIO241220P00008000,2024-12-20,8.0,put,american,100,2024-11-15,3.42,3.42,3.42,3.42
O:NIO241220P00009000,2024-12-20,9.0,put,american,100,2024-11-15,4.51,4.51,4.51,4.51
O:NIO241220P00010000,2024-12-20,10.0,put,american,100,2024-11-15,4.73,4.73,4.73,4.73
O:NIO241220P00011000,2024-12-20,11.0,put,american,100,2024-11-15,6.5,6.5,6.5,6.5
O:NIO241220P00012000,2024-12-20,12.0,put,american,100,2024-11-15,5.55,5.55,5.55,5.55
O:NIO241220P00013000,2024-12-20,13.0,put,american,100,2024-11-15,,,,
O:NIO241220P00014000,2024-12-20,14.0,put,american,100,2024-11-15,,,,
O:NIO241220P00015000,2024-12-20,15.0,put,american,100,2024-11-15,10.4,10.4,10.4,10.4
O:NIO241220P00017000,2024-12-20,17.0,put,american,100,2024-11-15,12.29,12.29,12.29,12.29
O:NIO250117C00001000,2025-01-17,1.0,call,american,100,2024-12-20,3.3,3.37,3.3,3.36
O:NIO250117C00002500,2025-01-17,2.5,call,american,100,2024-12-20,1.66,1.88,1.66,1.85
O:NIO250117C00004000,2025-01-17,4.0,call,american,100,2024-12-20,0.2,0.42,0.19,0.35
O:NIO250117C00005000,2025-01-17,5.0,call,american,100,2024-12-20,0.01,0.01,0.01,0.01
O:NIO250117C00006000,2025-01-17,6.0,call,american,100,2024-12-20,0.01,0.01,0.01,0.01
O:NIO250117C00007500,2025-01-17,7.5,call,american,100,2024-12-20,0.01,0.01,0.01,0.01
O:NIO250117C00009000,2025-01-17,9.0,call,american,100,2024-12-20,0.01,0.01,0.01,0.01
O:NIO250117C00010000,2025-01-17,10.0,call,american,100,2024-12-20,0.01,0.01,0.01,0.01
O:NIO250117C00011000,2025-01-17,11.0,call,american,100,2024-12-20,0.01,0.01,0.01,0.01
O:NIO250117C00012500,2025-01-17,12.5,call,american,100,2024-12-20,0.01,0.01,0.01,0.01
O:NIO250117C00014000,2025-01-17,14.0,call,american,100,2024-12-20,0.01,0.01,0.01,0.01
O:NIO250117C00015000,2025-01-17,15.0,call,american,100,2024-12-20,0.01,0.01,0.01,0.01
O:NIO250117C00017500,2025-01-17,17.5,call,american,100,2024-12-20,0.01,0.01,0.01,0.01
O:NIO250117C00020000,2025-01-17,20.0,call,american,100,2024-12-20,0.01,0.01,0.01,0.01
O:NIO250117C00022500,2025-01-17,22.5,call,american,100,2024-12-20,0.02,0.02,0.02,0.02
O:NIO250117C00025000,2025-01-17,25.0,call,american,100,2024-12-20,0.01,0.01,0.01,0.01
O:NIO250117C00030000,2025-01-17,30.0,call,american,100,2024-12-20,0.01,0.01,0.01,0.01
O:NIO250117C00035000,2025-01-17,35.0,call,american,100,2024-12-20,0.01,0.01,0.01,0.01
O:NIO250117P00001000,2025-01-17,1.0,put,american,100,2024-12-20,0.01,0.01,0.01,0.01
O:NIO250117P00002500,2025-01-17,2.5,put,american,100,2024-12-20,0.01,0.01,0.01,0.01
O:NIO250117P00004000,2025-01-17,4.0,put,american,100,2024-12-20,0.01,0.01,0.01,0.01
O:NIO250117P00005000,2025-01-17,5.0,put,american,100,2024-12-20,0.8,0.81,0.58,0.63
O:NIO250117P00006000,2025-01-17,6.0,put,american,100,2024-12-20,1.77,1.77,1.57,1.63
O:NIO250117P00007500,2025-01-17,7.5,put,american,100,2024-12-20,3.3,3.3,3.1,3.15
O:NIO250117P00009000,2025-01-17,9.0,put,american,100,2024-12-20,4.8,4.8,4.8,4.8
O:NIO250117P00010000,2025-01-17,10.0,put,american,100,2024-12-20,5.8,5.8,5.6,5.65
O:NIO250117P00011000,2025-01-17,11.0,put,american,100,2024-12-20,6.47,6.47,6.47,6.47
O:NIO250117P00012500,2025-01-17,12.5,put,american,100,2024-12-20,8.3,8.3,8.3,8.3
O:NIO250117P00014000,2025-01-17,14.0,put,american,100,2024-12-20,7.65,7.65,7.65,7.65
O:NIO250117P00015000,2025-01-17,15.0,put,american,100,2024-12-20,10.9,10.9,10.9,10.9
O:NIO250117P00017500,2025-01-17,17.5,put,american,100,2024-12-20,13.0,13.0,13.0,13.0
O:NIO250117P00020000,2025-01-17,20.0,put,american,100,2024-12-20,14.75,14.75,14.75,14.75
O:NIO250117P00022500,2025-01-17,22.5,put,american,100,2024-12-20,18.0,18.0,18.0,18.0
O:NIO250117P00025000,2025-01-17,25.0,put,american,100,2024-12-20,,,,
O:NIO250117P00030000,2025-01-17,30.0,put,american,100,2024-12-20,25.94,25.94,25.94,25.94
O:NIO250117P00035000,2025-01-17,35.0,put,american,100,2024-12-20,30.83,30.83,30.83,30.83
O:NIO250221C00001000,2025-02-21,1.0,call,american,100,2025-01-17,3.65,3.65,3.43,3.43
O:NIO250221C00002000,2025-02-21,2.0,call,american,100,2025-01-17,2.46,2.53,2.42,2.42
O:NIO250221C00003000,2025-02-21,3.0,call,american,100,2025-01-17,1.5,1.68,1.42,1.43
O:NIO250221C00004000,2025-02-21,4.0,call,american,100,2025-01-17,0.44,0.69,0.42,0.42
O:NIO250221C00005000,2025-02-21,5.0,call,american,100,2025-01-17,0.01,0.02,0.01,0.01
O:NIO250221C00006000,2025-02-21,6.0,call,american,100,2025-01-17,0.01,0.01,0.01,0.01
O:NIO250221C00007000,2025-02-21,7.0,call,american,100,2025-01-17,0.01,0.01,0.01,0.01
O:NIO250221C00008000,2025-02-21,8.0,call,american,100,2025-01-17,0.01,0.01,0.01,0.01
O:NIO250221C00009000,2025-02-21,9.0,call,american,100,2025-01-17,0.01,0.01,0.01,0.01
O:NIO250221C00010000,2025-02-21,10.0,call,american,100,2025-01-17,0.01,0.01,0.01,0.01
O:NIO250221C00011000,2025-02-21,11.0,call,american,100,2025-01-17,0.01,0.01,0.01,0.01
O:NIO250221C00012000,2025-02-21,12.0,call,american,100,2025-01-17,0.01,0.01,0.01,0.01
O:NIO250221C00013000,2025-02-21,13.0,call,american,100,2025-01-17,0.01,0.01,0.01,0.01
O:NIO250221C00014000,2025-02-21,14.0,call,american,100,2025-01-17,0.01,0.01,0.01,0.01
O:NIO250221C00015000,2025-02-21,15.0,call,american,100,2025-01-17,0.01,0.01,0.01,0.01
O:NIO250221P00001000,2025-02-21,1.0,put,american,100,2025-01-17,0.01,0.01,0.01,0.01
O:NIO250221P00002000,2025-02-21,2.0,put,american,100,2025-01-17,0.01,0.01,0.01,0.01
O:NIO250221P00003000,2025-02-21,3.0,put,american,100,2025-01-17,0.01,0.01,0.01,0.01
O:NIO250221P00004000,2025-02-21,4.0,put,american,100,2025-01-17,0.01,0.01,0.01,0.01
O:NIO250221P00005000,2025-02-21,5.0,put,american,100,2025-01-17,0.53,0.61,0.34,0.58
O:NIO250221P00006000,2025-02-21,6.0,put,american,100,2025-01-17,1.48,1.67,1.37,1.55
O:NIO250221P00007000,2025-02-21,7.0,put,american,100,2025-01-17,2.5,2.5,2.5,2.5
O:NIO250221P00008000,2025-02-21,8.0,put,american,100,2025-01-17,3.57,3.57,3.57,3.57
O:NIO250221P00009000,2025-02-21,9.0,put,american,100,2025-01-17,3.9,3.9,3.9,3.9
O:NIO250221P00010000,2025-02-21,10.0,put,american,100,2025-01-17,5.59,5.63,5.59,5.63
O:NIO250221P00011000,2025-02-21,11.0,put,american,100,2025-01-17,4.6,4.6,4.6,4.6
O:NIO250221P00012000,2025-02-21,12.0,put,american,100,2025-01-17,7.42,7.51,7.42,7.51
O:NIO250221P00013000,2025-02-21,13.0,put,american,100,2025-01-17,8.61,8.61,8.61,8.61
O:NIO250221P00014000,2025-02-21,14.0,put,american,100,2025-01-17,9.47,9.59,9.47,9.59
O:NIO250221P00015000,2025-02-21,15.0,put,american,100,2025-01-17,10.1,10.1,10.1,10.1
O:NIO250321C00000500,2025-03-21,0.5,call,american,100,2025-02-21,3.7,3.7,3.7,3.7
O:NIO250321C00001000,2025-03-21,1.0,call,american,100,2025-02-21,3.6,3.6,3.6,3.6
O:NIO250321C00001500,2025-03-21,1.5,call,american,100,2025-02-21,3.0,3.0,3.0,3.0
O:NIO250321C00002000,2025-03-21,2.0,call,american,100,2025-02-21,,,,
O:NIO250321C00002500,2025-03-21,2.5,call,american,100,2025-02-21,1.9,1.92,1.9,1.9
O:NIO250321C00003000,2025-03-21,3.0,call,american,100,2025-02-21,1.45,1.59,1.44,1.51
O:NIO250321C00003500,2025-03-21,3.5,call,american,100,2025-02-21,0.92,1.11,0.91,1.0
O:NIO250321C00004000,2025-03-21,4.0,call,american,100,2025-02-21,0.41,0.61,0.35,0.5
O:NIO250321C00004500,2025-03-21,4.5,call,american,100,2025-02-21,0.04,0.13,0.01,0.02
O:NIO250321C00005000,2025-03-21,5.0,call,american,100,2025-02-21,,,,
O:NIO250321C00005500,2025-03-21,5.5,call,american,100,2025-02-21,0.01,0.01,0.01,0.01
O:NIO250321C00006000,2025-03-21,6.0,call,american,100,2025-02-21,0.01,0.01,0.01,0.01
O:NIO250321C00007000,2025-03-21,7.0,call,american,100,2025-02-21,0.01,0.01,0.01,0.01
O:NIO250321C00008000,2025-03-21,8.0,call,american,100,2025-02-21,0.05,0.05,0.01,0.01
O:NIO250321P00000500,2025-03-21,0.5,put,american,100,2025-02-21,,,,
O:NIO250321P00001000,2025-03-21,1.0,put,american,100,2025-02-21,,,,
O:NIO250321P00001500,2025-03-21,1.5,put,american,100,2025-02-21,0.03,0.03,0.03,0.03
O:NIO250321P00002000,2025-03-21,2.0,put,american,100,2025-02-21,0.01,0.01,0.01,0.01
O:NIO250321P00002500,2025-03-21,2.5,put,american,100,2025-02-21,0.01,0.01,0.01,0.01
O:NIO250321P00003000,2025-03-21,3.0,put,american,100,2025-02-21,0.01,0.01,0.01,0.01
O:NIO250321P00003500,2025-03-21,3.5,put,american,100,2025-02-21,0.01,0.01,0.01,0.01
O:NIO250321P00004000,2025-03-21,4.0,put,american,100,2025-02-21,0.01,0.02,0.01,0.01
O:NIO250321P00004500,2025-03-21,4.5,put,american,100,2025-02-21,0.13,0.15,0.01,0.02
O:NIO250321P00005000,2025-03-21,5.0,put,american,100,2025-02-21,0.58,0.64,0.38,0.51
O:NIO250321P00005500,2025-03-21,5.5,put,american,100,2025-02-21,1.0,1.12,0.88,1.0
O:NIO250321P00006000,2025-03-21,6.0,put,american,100,2025-02-21,1.3,1.58,1.3,1.49
O:NIO250321P00007000,2025-03-21,7.0,put,american,100,2025-02-21,2.56,2.56,2.56,2.56
O:NIO250321P00008000,2025-03-21,8.0,put,american,100,2025-02-21,3.48,3.48,3.48,3.48
O:NIO250516C00000500,2025-05-16,0.5,call,american,100,2025-04-18,3.55,3.6,3.55,3.6
O:NIO250516C00001000,2025-05-16,1.0,call,american,100,2025-04-18,3.0,3.09,3.0,3.09
O:NIO250516C00001500,2025-05-16,1.5,call,american,100,2025-04-18,2.59,2.59,2.59,2.59
O:NIO250516C00002000,2025-05-16,2.0,call,american,100,2025-04-18,2.02,2.09,2.02,2.06
O:NIO250516C00002500,2025-05-16,2.5,call,american,100,2025-04-18,1.56,1.59,1.56,1.57
O:NIO250516C00003000,2025-05-16,3.0,call,american,100,2025-04-18,1.08,1.11,1.04,1.08
O:NIO250516C00003500,2025-05-16,3.5,call,american,100,2025-04-18,0.57,0.62,0.55,0.6
O:NIO250516C00004000,2025-05-16,4.0,call,american,100,2025-04-18,0.09,0.18,0.06,0.1
O:NIO250516C00004500,2025-05-16,4.5,call,american,100,2025-04-18,0.01,0.01,0.01,0.01
O:NIO250516C00005000,2025-05-16,5.0,call,american,100,2025-04-18,0.01,0.01,0.01,0.01
O:NIO250516C00005500,2025-05-16,5.5,call,american,100,2025-04-18,0.01,0.01,0.01,0.01
O:NIO250516C00006000,2025-05-16,6.0,call,american,100,2025-04-18,,,,
O:NIO250516C00007000,2025-05-16,7.0,call,american,100,2025-04-18,0.01,0.01,0.01,0.01
O:NIO250516C00008000,2025-05-16,8.0,call,american,100,2025-04-18,0.01,0.01,0.01,0.01
O:NIO250516C00009000,2025-05-16,9.0,call,american,100,2025-04-18,0.01,0.01,0.01,0.01
O:NIO250516C00010000,2025-05-16,10.0,call,american,100,2025-04-18,0.01,0.01,0.01,0.01
O:NIO250516C00011000,2025-05-16,11.0,call,american,100,2025-04-18,0.01,0.01,0.01,0.01
O:NIO250516C00012000,2025-05-16,12.0,call,american,100,2025-04-18,0.01,0.01,0.01,0.01
O:NIO250516C00013000,2025-05-16,13.0,call,american,100,2025-04-18,0.01,0.01,0.01,0.01
O:NIO250516C00014000,2025-05-16,14.0,call,american,100,2025-04-18,0.01,0.01,0.01,0.01
O:NIO250516C00015000,2025-05-16,15.0,call,american,100,2025-04-18,0.01,0.01,0.01,0.01
O:NIO250516P00000500,2025-05-16,0.5,put,american,100,2025-04-18,0.01,0.01,0.01,0.01
O:NIO250516P00001000,2025-05-16,1.0,put,american,100,2025-04-18,0.01,0.01,0.01,0.01
O:NIO250516P00001500,2025-05-16,1.5,put,american,100,2025-04-18,0.05,0.05,0.05,0.05
O:NIO250516P00002000,2025-05-16,2.0,put,american,100,2025-04-18,0.01,0.01,0.01,0.01
O:NIO250516P00002500,2025-05-16,2.5,put,american,100,2025-04-18,0.01,0.01,0.01,0.01
O:NIO250516P00003000,2025-05-16,3.0,put,american,100,2025-04-18,0.09,0.09,0.09,0.09
O:NIO250516P00003500,2025-05-16,3.5,put,american,100,2025-04-18,0.01,0.01,0.01,0.01
O:NIO250516P00004000,2025-05-16,4.0,put,american,100,2025-04-18,0.12,0.12,0.01,0.01
O:NIO250516P00004500,2025-05-16,4.5,put,american,100,2025-04-18,0.43,0.48,0.39,0.4
O:NIO250516P00005000,2025-05-16,5.0,put,american,100,2025-04-18,0.98,1.07,0.89,0.89
O:NIO250516P00005500,2025-05-16,5.5,put,american,100,2025-04-18,1.42,1.45,1.42,1.44
O:NIO250516P00006000,2025-05-16,6.0,put,american,100,2025-04-18,1.91,1.91,1.91,1.91
O:NIO250516P00007000,2025-05-16,7.0,put,american,100,2025-04-18,2.94,2.94,2.94,2.94
O:NIO250516P00008000,2025-05-16,8.0,put,american,100,2025-04-18,4.5,4.5,4.5,4.5
O:NIO250516P00009000,2025-05-16,9.0,put,american,100,2025-04-18,4.85,4.85,4.85,4.85
O:NIO250516P00010000,2025-05-16,10.0,put,american,100,2025-04-18,6.4,6.4,6.4,6.4
O:NIO250516P00011000,2025-05-16,11.0,put,american,100,2025-04-18,6.0,6.0,6.0,6.0
O:NIO250516P00012000,2025-05-16,12.0,put,american,100,2025-04-18,5.75,5.8,5.75,5.8
O:NIO250516P00013000,2025-05-16,13.0,put,american,100,2025-04-18,9.6,9.6,9.6,9.6
O:NIO250516P00014000,2025-05-16,14.0,put,american,100,2025-04-18,,,,
O:NIO250516P00015000,2025-05-16,15.0,put,american,100,2025-04-18,,,,
O:NIO250718C00000500,2025-07-18,0.5,call,american,100,2025-06-20,4.05,4.05,3.98,3.98
O:NIO250718C00001000,2025-07-18,1.0,call,american,100,2025-06-20,3.36,3.55,3.36,3.55
O:NIO250718C00001500,2025-07-18,1.5,call,american,100,2025-06-20,1.99,1.99,1.94,1.94
O:NIO250718C00002000,2025-07-18,2.0,call,american,100,2025-06-20,2.39,2.54,2.39,2.43
O:NIO250718C00002500,2025-07-18,2.5,call,american,100,2025-06-20,1.9,1.93,1.9,1.93
O:NIO250718C00003000,2025-07-18,3.0,call,american,100,2025-06-20,,,,
O:NIO250718C00003500,2025-07-18,3.5,call,american,100,2025-06-20,0.88,1.05,0.79,0.9
O:NIO250718C00004000,2025-07-18,4.0,call,american,100,2025-06-20,0.39,0.56,0.29,0.39
O:NIO250718C00004500,2025-07-18,4.5,call,american,100,2025-06-20,0.02,0.09,0.01,0.01
O:NIO250718C00005000,2025-07-18,5.0,call,american,100,2025-06-20,0.01,0.01,0.01,0.01
O:NIO250718C00005500,2025-07-18,5.5,call,american,100,2025-06-20,0.01,0.01,0.01,0.01
O:NIO250718C00006000,2025-07-18,6.0,call,american,100,2025-06-20,0.01,0.01,0.01,0.01
O:NIO250718C00007000,2025-07-18,7.0,call,american,100,2025-06-20,0.05,0.05,0.05,0.05
O:NIO250718C00008000,2025-07-18,8.0,call,american,100,2025-06-20,0.01,0.01,0.01,0.01
O:NIO250718C00009000,2025-07-18,9.0,call,american,100,2025-06-20,0.01,0.01,0.01,0.01
O:NIO250718P00000500,2025-07-18,0.5,put,american,100,2025-06-20,0.01,0.01,0.01,0.01
O:NIO250718P00001000,2025-07-18,1.0,put,american,100,2025-06-20,,,,
O:NIO250718P00001500,2025-07-18,1.5,put,american,100,2025-06-20,0.01,0.01,0.01,0.01
O:NIO250718P00002000,2025-07-18,2.0,put,american,100,2025-06-20,0.01,0.01,0.01,0.01
O:NIO250718P00002500,2025-07-18,2.5,put,american,100,2025-06-20,0.01,0.01,0.01,0.01
O:NIO250718P00003000,2025-07-18,3.0,put,american,100,2025-06-20,0.01,0.01,0.01,0.01
O:NIO250718P00003500,2025-07-18,3.5,put,american,100,2025-06-20,0.01,0.01,0.01,0.01
O:NIO250718P00004000,2025-07-18,4.0,put,american,100,2025-06-20,0.01,0.01,0.01,0.01
O:NIO250718P00004500,2025-07-18,4.5,put,american,100,2025-06-20,0.12,0.21,0.02,0.11
O:NIO250718P00005000,2025-07-18,5.0,put,american,100,2025-06-20,0.46,0.7,0.46,0.6
O:NIO250718P00005500,2025-07-18,5.5,put,american,100,2025-06-20,1.08,1.08,0.96,1.05
O:NIO250718P00006000,2025-07-18,6.0,put,american,100,2025-06-20,1.6,1.67,1.57,1.66
O:NIO250718P00007000,2025-07-18,7.0,put,american,100,2025-06-20,2.5,2.5,2.5,2.5
O:NIO250718P00008000,2025-07-18,8.0,put,american,100,2025-06-20,3.6,3.6,3.6,3.6
O:NIO250718P00009000,2025-07-18,9.0,put,american,100,2025-06-20,4.8,4.8,4.8,4.8
O:NIO250815C00000500,2025-08-15,0.5,call,american,100,2025-07-18,4.35,4.35,4.35,4.35
O:NIO250815C00001000,2025-08-15,1.0,call,american,100,2025-07-18,3.65,3.65,3.5,3.5
O:NIO250815C00001500,2025-08-15,1.5,call,american,100,2025-07-18,3.06,3.06,3.06,3.06
O:NIO250815C00002000,2025-08-15,2.0,call,american,100,2025-07-18,2.82,2.82,2.82,2.82
O:NIO250815C00002500,2025-08-15,2.5,call,american,100,2025-07-18,2.25,2.3,2.25,2.3
O:NIO250815C00003000,2025-08-15,3.0,call,american,100,2025-07-18,,,,
O:NIO250815C00003500,2025-08-15,3.5,call,american,100,2025-07-18,1.24,1.37,1.23,1.31
O:NIO250815C00004000,2025-08-15,4.0,call,american,100,2025-07-18,0.73,0.87,0.73,0.86
O:NIO250815C00004500,2025-08-15,4.5,call,american,100,2025-07-18,0.26,0.44,0.26,0.39
O:NIO250815C00005000,2025-08-15,5.0,call,american,100,2025-07-18,0.1,0.12,0.07,0.11
O:NIO250815C00005500,2025-08-15,5.5,call,american,100,2025-07-18,0.03,0.05,0.03,0.04
O:NIO250815C00006000,2025-08-15,6.0,call,american,100,2025-07-18,0.02,0.03,0.01,0.02
O:NIO250815C00007000,2025-08-15,7.0,call,american,100,2025-07-18,0.01,0.02,0.01,0.01
O:NIO250815C00008000,2025-08-15,8.0,call,american,100,2025-07-18,0.01,0.01,0.01,0.01
O:NIO250815C00009000,2025-08-15,9.0,call,american,100,2025-07-18,0.01,0.01,0.01,0.01
O:NIO250815C00010000,2025-08-15,10.0,call,american,100,2025-07-18,0.01,0.01,0.01,0.01
O:NIO250815P00000500,2025-08-15,0.5,put,american,100,2025-07-18,0.01,0.01,0.01,0.01
O:NIO250815P00001000,2025-08-15,1.0,put,american,100,2025-07-18,0.01,0.01,0.01,0.01
O:NIO250815P00001500,2025-08-15,1.5,put,american,100,2025-07-18,0.04,0.04,0.03,0.03
O:NIO250815P00002000,2025-08-15,2.0,put,american,100,2025-07-18,0.01,0.01,0.01,0.01
O:NIO250815P00002500,2025-08-15,2.5,put,american,100,2025-07-18,0.01,0.01,0.01,0.01
O:NIO250815P00003000,2025-08-15,3.0,put,american,100,2025-07-18,0.01,0.01,0.01,0.01
O:NIO250815P00003500,2025-08-15,3.5,put,american,100,2025-07-18,0.01,0.01,0.01,0.01
O:NIO250815P00004000,2025-08-15,4.0,put,american,100,2025-07-18,0.01,0.01,0.01,0.01
O:NIO250815P00004500,2025-08-15,4.5,put,american,100,2025-07-18,0.06,0.07,0.05,0.05
O:NIO250815P00005000,2025-08-15,5.0,put,american,100,2025-07-18,0.28,0.43,0.25,0.27
O:NIO250815P00005500,2025-08-15,5.5,put,american,100,2025-07-18,0.79,0.81,0.68,0.7
O:NIO250815P00006000,2025-08-15,6.0,put,american,100,2025-07-18,1.3,1.3,1.16,1.16
O:NIO250815P00007000,2025-08-15,7.0,put,american,100,2025-07-18,2.25,2.31,2.25,2.31
O:NIO250815P00008000,2025-08-15,8.0,put,american,100,2025-07-18,3.4,3.4,3.4,3.4
O:NIO250815P00009000,2025-08-15,9.0,put,american,100,2025-07-18,5.57,5.57,5.57,5.57
O:NIO250815P00010000,2025-08-15,10.0,put,american,100,2025-07-18,5.15,5.15,5.15,5.15
O:NIO230818C00001000,2023-08-18,1.0,call,american,100,2023-07-21,9.77,9.85,9.69,9.69
O:NIO230818C00002500,2023-08-18,2.5,call,american,100,2023-07-21,8.2,8.2,8.2,8.2
O:NIO230818C00004000,2023-08-18,4.0,call,american,100,2023-07-21,7.55,7.55,7.55,7.55
O:NIO230818C00005000,2023-08-18,5.0,call,american,100,2023-07-21,5.81,5.81,5.6,5.6
O:NIO230818C00006000,2023-08-18,6.0,call,american,100,2023-07-21,4.85,4.85,4.85,4.85
O:NIO230818C00007500,2023-08-18,7.5,call,american,100,2023-07-21,3.46,3.5,3.13,3.15
O:NIO230818C00009000,2023-08-18,9.0,call,american,100,2023-07-21,2.01,2.05,1.64,1.67
O:NIO230818C00010000,2023-08-18,10.0,call,american,100,2023-07-21,1.0,1.06,0.63,0.67
O:NIO230818C00011000,2023-08-18,11.0,call,american,100,2023-07-21,0.1,0.26,0.01,0.01
O:NIO230818C00012500,2023-08-18,12.5,call,american,100,2023-07-21,,,,
O:NIO230818C00014000,2023-08-18,14.0,call,american,100,2023-07-21,0.01,0.01,0.01,0.01
O:NIO230818C00015000,2023-08-18,15.0,call,american,100,2023-07-21,0.01,0.01,0.01,0.01
O:NIO230818C00016000,2023-08-18,16.0,call,american,100,2023-07-21,0.01,0.01,0.01,0.01
O:NIO230818C00017500,2023-08-18,17.5,call,american,100,2023-07-21,0.01,0.01,0.01,0.01
O:NIO230818C00019000,2023-08-18,19.0,call,american,100,2023-07-21,0.01,0.01,0.01,0.01
O:NIO230818C00020000,2023-08-18,20.0,call,american,100,2023-07-21,,,,
O:NIO230818C00022500,2023-08-18,22.5,call,american,100,2023-07-21,0.01,0.01,0.01,0.01
O:NIO230818C00025000,2023-08-18,25.0,call,american,100,2023-07-21,0.01,0.01,0.01,0.01
O:NIO230818P00001000,2023-08-18,1.0,put,american,100,2023-07-21,0.01,0.01,0.01,0.01
O:NIO230818P00002500,2023-08-18,2.5,put,american,100,2023-07-21,0.01,0.01,0.01,0.01
O:NIO230818P00004000,2023-08-18,4.0,put,american,100,2023-07-21,0.01,0.01,0.01,0.01
O:NIO230818P00005000,2023-08-18,5.0,put,american,100,2023-07-21,0.01,0.01,0.01,0.01
O:NIO230818P00006000,2023-08-18,6.0,put,american,100,2023-07-21,0.01,0.01,0.01,0.01
O:NIO230818P00007500,2023-08-18,7.5,put,american,100,2023-07-21,0.01,0.03,0.01,0.01
O:NIO230818P00009000,2023-08-18,9.0,put,american,100,2023-07-21,0.01,0.01,0.01,0.01
O:NIO230818P00010000,2023-08-18,10.0,put,american,100,2023-07-21,0.03,0.03,0.01,0.01
O:NIO230818P00011000,2023-08-18,11.0,put,american,100,2023-07-21,0.25,0.38,0.1,0.35
O:NIO230818P00012500,2023-08-18,12.5,put,american,100,2023-07-21,1.49,1.87,1.41,1.87
O:NIO230818P00014000,2023-08-18,14.0,put,american,100,2023-07-21,2.98,3.37,2.98,3.37
O:NIO230818P00015000,2023-08-18,15.0,put,american,100,2023-07-21,3.93,4.37,3.93,4.32
O:NIO230818P00016000,2023-08-18,16.0,put,american,100,2023-07-21,5.25,5.25,5.25,5.25
O:NIO230818P00017500,2023-08-18,17.5,put,american,100,2023-07-21,6.63,6.63,6.63,6.63
O:NIO230818P00019000,2023-08-18,19.0,put,american,100,2023-07-21,5.24,5.45,5.24,5.45
O:NIO230818P00020000,2023-08-18,20.0,put,american,100,2023-07-21,7.96,8.0,7.94,8.0
O:NIO230818P00022500,2023-08-18,22.5,put,american,100,2023-07-21,8.51,8.51,8.51,8.51
O:NIO230818P00025000,2023-08-18,25.0,put,american,100,2023-07-21,10.98,10.98,10.98,10.98
O:NIO240719C00001000,2024-07-19,1.0,call,american,100,2024-06-21,3.45,3.45,3.45,3.45
O:NIO240719C00002000,2024-07-19,2.0,call,american,100,2024-06-21,2.46,2.46,2.46,2.46
O:NIO240719C00003000,2024-07-19,3.0,call,american,100,2024-06-21,1.5,1.5,1.42,1.49
O:NIO240719C00004000,2024-07-19,4.0,call,american,100,2024-06-21,0.42,0.5,0.42,0.47
O:NIO240719C00005000,2024-07-19,5.0,call,american,100,2024-06-21,0.01,0.05,0.01,0.01
O:NIO240719C00006000,2024-07-19,6.0,call,american,100,2024-06-21,0.01,0.01,0.01,0.01
O:NIO240719C00007000,2024-07-19,7.0,call,american,100,2024-06-21,0.01,0.01,0.01,0.01
O:NIO240719C00008000,2024-07-19,8.0,call,american,100,2024-06-21,0.01,0.01,0.01,0.01
O:NIO240719C00009000,2024-07-19,9.0,call,american,100,2024-06-21,0.01,0.01,0.01,0.01
O:NIO240719C00010000,2024-07-19,10.0,call,american,100,2024-06-21,0.01,0.01,0.01,0.01
O:NIO240719C00011000,2024-07-19,11.0,call,american,100,2024-06-21,0.02,0.02,0.02,0.02
O:NIO240719P00001000,2024-07-19,1.0,put,american,100,2024-06-21,0.1,0.1,0.1,0.1
O:NIO240719P00002000,2024-07-19,2.0,put,american,100,2024-06-21,0.01,0.01,0.01,0.01
O:NIO240719P00003000,2024-07-19,3.0,put,american,100,2024-06-21,0.02,0.02,0.01,0.01
O:NIO240719P00004000,2024-07-19,4.0,put,american,100,2024-06-21,0.01,0.01,0.01,0.01
O:NIO240719P00005000,2024-07-19,5.0,put,american,100,2024-06-21,,,,
O:NIO240719P00006000,2024-07-19,6.0,put,american,100,2024-06-21,1.5,1.6,1.5,1.52
O:NIO240719P00007000,2024-07-19,7.0,put,american,100,2024-06-21,2.51,2.51,2.51,2.51
O:NIO240719P00008000,2024-07-19,8.0,put,american,100,2024-06-21,3.51,3.95,2.94,3.95
O:NIO240719P00009000,2024-07-19,9.0,put,american,100,2024-06-21,4.45,4.45,4.45,4.45
O:NIO240719P00010000,2024-07-19,10.0,put,american,100,2024-06-21,5.52,5.52,5.52,5.52
O:NIO240719P00011000,2024-07-19,11.0,put,american,100,2024-06-21,6.1,6.1,6.05,6.05
O:NIO250620C00000500,2025-06-20,0.5,call,american,100,2025-05-16,2.91,2.91,2.91,2.91
O:NIO250620C00001000,2025-06-20,1.0,call,american,100,2025-05-16,2.45,2.45,2.28,2.28
O:NIO250620C00001500,2025-06-20,1.5,call,american,100,2025-05-16,1.92,1.92,1.92,1.92
O:NIO250620C00002000,2025-06-20,2.0,call,american,100,2025-05-16,1.42,1.49,1.36,1.41
O:NIO250620C00002500,2025-06-20,2.5,call,american,100,2025-05-16,0.93,0.93,0.89,0.89
O:NIO250620C00003000,2025-06-20,3.0,call,american,100,2025-05-16,0.44,0.46,0.19,0.39
O:NIO250620C00003500,2025-06-20,3.5,call,american,100,2025-05-16,0.02,0.02,0.01,0.01
O:NIO250620C00004000,2025-06-20,4.0,call,american,100,2025-05-16,0.01,0.01,0.01,0.01
O:NIO250620C00004500,2025-06-20,4.5,call,american,100,2025-05-16,0.01,0.01,0.01,0.01
O:NIO250620C00005000,2025-06-20,5.0,call,american,100,2025-05-16,0.01,0.01,0.01,0.01
O:NIO250620C00005500,2025-06-20,5.5,call,american,100,2025-05-16,0.01,0.01,0.01,0.01
O:NIO250620C00006000,2025-06-20,6.0,call,american,100,2025-05-16,0.01,0.01,0.01,0.01
O:NIO250620C00007000,2025-06-20,7.0,call,american,100,2025-05-16,0.01,0.01,0.01,0.01
O:NIO250620C00008000,2025-06-20,8.0,call,american,100,2025-05-16,0.01,0.01,0.01,0.01
O:NIO250620C00009000,2025-06-20,9.0,call,american,100,2025-05-16,0.01,0.01,0.01,0.01
O:NIO250620C00010000,2025-06-20,10.0,call,american,100,2025-05-16,0.01,0.01,0.01,0.01
O:NIO250620C00011000,2025-06-20,11.0,call,american,100,2025-05-16,0.03,0.03,0.03,0.03
O:NIO250620C00012000,2025-06-20,12.0,call,american,100,2025-05-16,0.01,0.01,0.01,0.01
O:NIO250620C00013000,2025-06-20,13.0,call,american,100,2025-05-16,0.01,0.01,0.01,0.01
O:NIO250620C00014000,2025-06-20,14.0,call,american,100,2025-05-16,0.01,0.01,0.01,0.01
O:NIO250620C00015000,2025-06-20,15.0,call,american,100,2025-05-16,0.01,0.01,0.01,0.01
O:NIO250620P00000500,2025-06-20,0.5,put,american,100,2025-05-16,0.01,0.01,0.01,0.01
O:NIO250620P00001000,2025-06-20,1.0,put,american,100,2025-05-16,0.01,0.01,0.01,0.01
O:NIO250620P00001500,2025-06-20,1.5,put,american,100,2025-05-16,0.02,0.02,0.02,0.02
O:NIO250620P00002000,2025-06-20,2.0,put,american,100,2025-05-16,0.01,0.01,0.01,0.01
O:NIO250620P00002500,2025-06-20,2.5,put,american,100,2025-05-16,0.01,0.01,0.01,0.01
O:NIO250620P00003000,2025-06-20,3.0,put,american,100,2025-05-16,0.01,0.01,0.01,0.01
O:NIO250620P00003500,2025-06-20,3.5,put,american,100,2025-05-16,0.07,0.13,0.04,0.09
O:NIO250620P00004000,2025-06-20,4.0,put,american,100,2025-05-16,0.56,0.68,0.54,0.65
O:NIO250620P00004500,2025-06-20,4.5,put,american,100,2025-05-16,,,,
O:NIO250620P00005000,2025-06-20,5.0,put,american,100,2025-05-16,1.66,1.66,1.52,1.6
O:NIO250620P00005500,2025-06-20,5.5,put,american,100,2025-05-16,2.05,2.13,2.05,2.13
O:NIO250620P00006000,2025-06-20,6.0,put,american,100,2025-05-16,2.58,2.62,2.56,2.6
O:NIO250620P00007000,2025-06-20,7.0,put,american,100,2025-05-16,3.57,3.57,3.54,3.54
O:NIO250620P00008000,2025-06-20,8.0,put,american,100,2025-05-16,4.55,4.69,4.55,4.69
O:NIO250620P00009000,2025-06-20,9.0,put,american,100,2025-05-16,,,,
O:NIO250620P00010000,2025-06-20,10.0,put,american,100,2025-05-16,6.5,6.5,6.5,6.5
O:NIO250620P00011000,2025-06-20,11.0,put,american,100,2025-05-16,5.0,5.0,5.0,5.0
O:NIO250620P00012000,2025-06-20,12.0,put,american,100,2025-05-16,7.97,7.97,7.97,7.97
O:NIO250620P00013000,2025-06-20,13.0,put,american,100,2025-05-16,9.6,9.6,9.6,9.6
O:NIO250620P00014000,2025-06-20,14.0,put,american,100,2025-05-16,,,,
O:NIO250620P00015000,2025-06-20,15.0,put,american,100,2025-05-16,11.57,11.57,11.57,11.57
